,value,geometry
2473,11.965019428158417,POINT (34.23737373 -118.63636352)
2570,12.21008971469534,POINT (34.2070707 -118.621212)
2571,12.078554888515345,POINT (34.21717171 -118.621212)
2572,12.138998648331771,POINT (34.22727272 -118.621212)
2573,12.199442408148201,POINT (34.23737373 -118.621212)
2668,12.131646589055842,POINT (34.18686868 -118.60606048)
2669,12.19209034887227,POINT (34.19696969 -118.60606048)
2670,12.2525341086887,POINT (34.2070707 -118.60606048)
2671,12.312977868505126,POINT (34.21717171 -118.60606048)
2672,12.373421628321555,POINT (34.22727272 -118.60606048)
2673,12.433865388137988,POINT (34.23737373 -118.60606048)
2765,13.254473739423219,POINT (34.15656565 -118.59090896)
2766,12.245182049412769,POINT (34.16666666 -118.59090896)
2767,12.305625809229198,POINT (34.17676767 -118.59090896)
2768,12.366069569045626,POINT (34.18686868 -118.59090896)
2769,12.426513328862054,POINT (34.19696969 -118.59090896)
2770,12.486957088678484,POINT (34.2070707 -118.59090896)
2771,12.547400848494913,POINT (34.21717171 -118.59090896)
2772,12.607844608311343,POINT (34.22727272 -118.59090896)
2773,12.66828836812777,POINT (34.23737373 -118.59090896)
2863,13.119297267465253,POINT (34.13636363 -118.57575744)
2864,12.928386527720804,POINT (34.14646464 -118.57575744)
2865,12.188934309439869,POINT (34.15656565 -118.57575744)
2866,12.338176564433262,POINT (34.16666666 -118.57575744)
2867,12.487418819426654,POINT (34.17676767 -118.57575744)
2868,12.600492549035412,POINT (34.18686868 -118.57575744)
2869,12.660936308851841,POINT (34.19696969 -118.57575744)
2870,12.72138006866827,POINT (34.2070707 -118.57575744)
2871,12.7818238284847,POINT (34.21717171 -118.57575744)
2872,12.842267588301127,POINT (34.22727272 -118.57575744)
2873,12.902711348117556,POINT (34.23737373 -118.57575744)
2960,14.298857764150174,POINT (34.1060606 -118.56060592)
2961,13.737600043868426,POINT (34.11616161 -118.56060592)
2962,13.637453166299604,POINT (34.12626262 -118.56060592)
2963,13.537306288730848,POINT (34.13636363 -118.56060592)
2964,11.702089643562072,POINT (34.14646464 -118.56060592)
2965,12.267690618044115,POINT (34.15656565 -118.56060592)
2966,12.41693287303751,POINT (34.16666666 -118.56060592)
2967,12.5661751280309,POINT (34.17676767 -118.56060592)
2968,12.715417383024292,POINT (34.18686868 -118.56060592)
2969,12.864659638017685,POINT (34.19696969 -118.56060592)
2970,12.955803048658055,POINT (34.2070707 -118.56060592)
2971,13.016246808474483,POINT (34.21717171 -118.56060592)
2972,13.076690568290912,POINT (34.22727272 -118.56060592)
2973,13.137134328107342,POINT (34.23737373 -118.56060592)
3058,14.546813560016119,POINT (34.08585858 -118.5454544)
3059,14.446666682447294,POINT (34.09595959 -118.5454544)
3060,14.34651980487847,POINT (34.1060606 -118.5454544)
3061,14.246372927309645,POINT (34.11616161 -118.5454544)
3062,12.468656217814601,POINT (34.12626262 -118.5454544)
3063,11.158744796126472,POINT (34.13636363 -118.5454544)
3064,12.197204671654973,POINT (34.14646464 -118.5454544)
3065,12.346446926648365,POINT (34.15656565 -118.5454544)
3066,12.495689181641758,POINT (34.16666666 -118.5454544)
3067,12.644931436635149,POINT (34.17676767 -118.5454544)
3068,12.79417369162854,POINT (34.18686868 -118.5454544)
3069,12.943415946621933,POINT (34.19696969 -118.5454544)
3070,13.092658201615324,POINT (34.2070707 -118.5454544)
3071,13.241900456608716,POINT (34.21717171 -118.5454544)
3072,13.311113548280696,POINT (34.22727272 -118.5454544)
3073,13.371557308097126,POINT (34.23737373 -118.5454544)
3155,15.356027076163809,POINT (34.05555555 -118.53030288)
3156,15.255880198594983,POINT (34.06565656 -118.53030288)
3157,15.155733321026162,POINT (34.07575757 -118.53030288)
3158,15.055586443457337,POINT (34.08585858 -118.53030288)
3159,14.955439565888513,POINT (34.09595959 -118.53030288)
3160,14.855292688319688,POINT (34.1060606 -118.53030288)
3161,10.786399269422176,POINT (34.11616161 -118.53030288)
3162,10.615399948692827,POINT (34.12626262 -118.53030288)
3163,12.126718725265828,POINT (34.13636363 -118.53030288)
3164,12.275960980259221,POINT (34.14646464 -118.53030288)
3165,12.425203235252612,POINT (34.15656565 -118.53030288)
3166,12.574445490246005,POINT (34.16666666 -118.53030288)
3167,12.723687745239395,POINT (34.17676767 -118.53030288)
3168,12.872930000232788,POINT (34.18686868 -118.53030288)
3169,13.02217225522618,POINT (34.19696969 -118.53030288)
3170,13.17141451021957,POINT (34.2070707 -118.53030288)
3171,13.320656765212963,POINT (34.21717171 -118.53030288)
3172,13.469899020206356,POINT (34.22727272 -118.53030288)
3173,13.60598028808691,POINT (34.23737373 -118.53030288)
3253,16.065093714742673,POINT (34.03535353 -118.51515136)
3254,15.964946837173851,POINT (34.04545454 -118.51515136)
3255,15.864799959605026,POINT (34.05555555 -118.51515136)
3256,15.764653082036205,POINT (34.06565656 -118.51515136)
3257,15.664506204467383,POINT (34.07575757 -118.51515136)
3258,15.564359326898558,POINT (34.08585858 -118.51515136)
3259,15.464212449329732,POINT (34.09595959 -118.51515136)
3260,9.104142321029755,POINT (34.1060606 -118.51515136)
3261,10.072055101257225,POINT (34.11616161 -118.51515136)
3262,12.05623277887679,POINT (34.12626262 -118.51515136)
3263,12.205475033870076,POINT (34.13636363 -118.51515136)
3264,12.354717288863469,POINT (34.14646464 -118.51515136)
3265,12.503959543856862,POINT (34.15656565 -118.51515136)
3266,12.653201798850251,POINT (34.16666666 -118.51515136)
3267,12.802444053843644,POINT (34.17676767 -118.51515136)
3268,12.951686308837036,POINT (34.18686868 -118.51515136)
3269,13.10092856383043,POINT (34.19696969 -118.51515136)
3270,13.250170818823818,POINT (34.2070707 -118.51515136)
3271,13.387880865518802,POINT (34.21717171 -118.51515136)
3272,13.521890169350693,POINT (34.22727272 -118.51515136)
3273,13.736198964430047,POINT (34.23737373 -118.51515136)
3351,13.542616706320647,POINT (34.01515151 -118.49999984)
3352,11.440578433685047,POINT (34.02525252 -118.49999984)
3353,16.063392187086837,POINT (34.03535353 -118.49999984)
3354,16.473719720615073,POINT (34.04545454 -118.49999984)
3355,16.373572843046247,POINT (34.05555555 -118.49999984)
3356,16.273425965477422,POINT (34.06565656 -118.49999984)
3357,16.1732790879086,POINT (34.07575757 -118.49999984)
3358,14.091276153903456,POINT (34.08585858 -118.49999984)
3359,7.4218853726373375,POINT (34.09595959 -118.49999984)
3360,9.528710253821622,POINT (34.1060606 -118.49999984)
3361,11.985746832487646,POINT (34.11616161 -118.49999984)
3362,12.134989087481037,POINT (34.12626262 -118.49999984)
3363,12.284231342474325,POINT (34.13636363 -118.49999984)
3364,12.433473597467717,POINT (34.14646464 -118.49999984)
3365,12.582715852461108,POINT (34.15656565 -118.49999984)
3366,12.7319581074545,POINT (34.16666666 -118.49999984)
3367,12.8809291662916,POINT (34.17676767 -118.49999984)
3368,13.014938470123488,POINT (34.18686868 -118.49999984)
3369,13.148947773955376,POINT (34.19696969 -118.49999984)
3370,13.282957077787266,POINT (34.2070707 -118.49999984)
3371,13.416966381619154,POINT (34.21717171 -118.49999984)
3372,13.888687734058339,POINT (34.22727272 -118.49999984)
3373,13.76941784161757,POINT (34.23737373 -118.49999984)
3450,9.9151381166818,POINT (34.0050505 -118.48484832)
3451,9.824341608088705,POINT (34.01515151 -118.48484832)
3452,13.082920981985627,POINT (34.02525252 -118.48484832)
3453,20.392654243773976,POINT (34.03535353 -118.48484832)
3454,15.20476823801227,POINT (34.04545454 -118.48484832)
3455,16.88234572648747,POINT (34.05555555 -118.48484832)
3456,16.782198848918643,POINT (34.06565656 -118.48484832)
3457,12.409019205511038,POINT (34.07575757 -118.48484832)
3458,6.199284342974468,POINT (34.08585858 -118.48484832)
3459,8.98536540638602,POINT (34.09595959 -118.48484832)
3460,11.771446469797572,POINT (34.1060606 -118.48484832)
3461,12.064503141091894,POINT (34.11616161 -118.48484832)
3462,12.213745396085285,POINT (34.12626262 -118.48484832)
3463,12.362987651078573,POINT (34.13636363 -118.48484832)
3464,12.507986770896284,POINT (34.14646464 -118.48484832)
3465,12.641996074728175,POINT (34.15656565 -118.48484832)
3466,12.776005378560061,POINT (34.16666666 -118.48484832)
3467,12.91001468239195,POINT (34.17676767 -118.48484832)
3468,13.04402398622384,POINT (34.18686868 -118.48484832)
3469,13.178033290055728,POINT (34.19696969 -118.48484832)
3470,13.312042593887615,POINT (34.2070707 -118.48484832)
3471,13.73661665999191,POINT (34.21717171 -118.48484832)
3472,14.409534745161134,POINT (34.22727272 -118.48484832)
3473,13.80263671880509,POINT (34.23737373 -118.48484832)
3549,14.970910905198002,POINT (33.99494949 -118.4696968)
3550,13.751772533038777,POINT (34.0050505 -118.4696968)
3551,14.095421237295549,POINT (34.01515151 -118.4696968)
3552,16.975296222959077,POINT (34.02525252 -118.4696968)
3553,14.341695270818306,POINT (34.03535353 -118.4696968)
3554,12.026101428877936,POINT (34.04545454 -118.4696968)
3555,15.472860341448833,POINT (34.05555555 -118.4696968)
3556,22.873539046578465,POINT (34.06565656 -118.4696968)
3557,5.655939495538865,POINT (34.07575757 -118.4696968)
3558,8.442020558950418,POINT (34.08585858 -118.4696968)
3559,11.228101622361969,POINT (34.09595959 -118.4696968)
3560,11.99401719470275,POINT (34.1060606 -118.4696968)
3561,12.135044375501064,POINT (34.11616161 -118.4696968)
3562,12.269053679332952,POINT (34.12626262 -118.4696968)
3563,12.403062983164745,POINT (34.13636363 -118.4696968)
3564,12.537072286996636,POINT (34.14646464 -118.4696968)
3565,12.671081590828523,POINT (34.15656565 -118.4696968)
3566,12.805090894660411,POINT (34.16666666 -118.4696968)
3567,12.9391001984923,POINT (34.17676767 -118.4696968)
3568,13.07310950232419,POINT (34.18686868 -118.4696968)
3569,13.207118806156078,POINT (34.19696969 -118.4696968)
3570,13.58454558592548,POINT (34.2070707 -118.4696968)
3571,14.257463671094705,POINT (34.21717171 -118.4696968)
3572,14.663996265634637,POINT (34.22727272 -118.4696968)
3573,13.835855595992612,POINT (34.23737373 -118.4696968)
3648,14.455749349178607,POINT (33.98484848 -118.45454528)
3649,18.759785091545126,POINT (33.99494949 -118.45454528)
3650,16.979624338472618,POINT (34.0050505 -118.45454528)
3651,15.430597102920014,POINT (34.01515151 -118.45454528)
3652,16.925036669739562,POINT (34.02525252 -118.45454528)
3653,17.499295938579813,POINT (34.03535353 -118.45454528)
3654,14.672518439340276,POINT (34.04545454 -118.45454528)
3655,16.525576409925105,POINT (34.05555555 -118.45454528)
3656,15.411291379778076,POINT (34.06565656 -118.45454528)
3657,10.246233024259226,POINT (34.07575757 -118.45454528)
3658,12.470919810816085,POINT (34.08585858 -118.45454528)
3659,12.054618337478802,POINT (34.09595959 -118.45454528)
3660,12.030120587769526,POINT (34.1060606 -118.45454528)
3661,12.164129891601414,POINT (34.11616161 -118.45454528)
3662,12.298139195433304,POINT (34.12626262 -118.45454528)
3663,12.432148499265097,POINT (34.13636363 -118.45454528)
3664,12.566157803096985,POINT (34.14646464 -118.45454528)
3665,12.700167106928873,POINT (34.15656565 -118.45454528)
3666,12.834176410760763,POINT (34.16666666 -118.45454528)
3667,12.968185714592652,POINT (34.17676767 -118.45454528)
3668,13.10219501842454,POINT (34.18686868 -118.45454528)
3669,13.432474511859049,POINT (34.19696969 -118.45454528)
3670,14.105392597028274,POINT (34.2070707 -118.45454528)
3671,14.778310682197501,POINT (34.21717171 -118.45454528)
3672,14.697215142822161,POINT (34.22727272 -118.45454528)
3673,13.869074473180135,POINT (34.23737373 -118.45454528)
3746,14.663630886968235,POINT (33.96464646 -118.43939376)
3747,13.940587793159214,POINT (33.97474747 -118.43939376)
3748,16.464352553265687,POINT (33.98484848 -118.43939376)
3749,15.961458476194561,POINT (33.99494949 -118.43939376)
3750,15.766504349304745,POINT (34.0050505 -118.43939376)
3751,16.09545605746831,POINT (34.01515151 -118.43939376)
3752,16.424407765631884,POINT (34.02525252 -118.43939376)
3753,16.753359473795452,POINT (34.03535353 -118.43939376)
3754,17.08231118195902,POINT (34.04545454 -118.43939376)
3755,16.593729956713688,POINT (34.05555555 -118.43939376)
3756,12.929372800288025,POINT (34.06565656 -118.43939376)
3757,14.149633693198435,POINT (34.07575757 -118.43939376)
3758,13.213098441150027,POINT (34.08585858 -118.43939376)
3759,12.567163106573467,POINT (34.09595959 -118.43939376)
3760,12.243137035100197,POINT (34.1060606 -118.43939376)
3761,12.193215407701766,POINT (34.11616161 -118.43939376)
3762,12.327224711533653,POINT (34.12626262 -118.43939376)
3763,12.461234015365449,POINT (34.13636363 -118.43939376)
3764,12.595243319197337,POINT (34.14646464 -118.43939376)
3765,12.729252623029225,POINT (34.15656565 -118.43939376)
3766,12.863261926861114,POINT (34.16666666 -118.43939376)
3767,12.997271230693002,POINT (34.17676767 -118.43939376)
3768,13.280403437792618,POINT (34.18686868 -118.43939376)
3769,13.953321522961845,POINT (34.19696969 -118.43939376)
3770,14.62623960813107,POINT (34.2070707 -118.43939376)
3771,15.299157693300298,POINT (34.21717171 -118.43939376)
3772,14.730434020009682,POINT (34.22727272 -118.43939376)
3773,13.902293350367657,POINT (34.23737373 -118.43939376)
3845,14.790110547244808,POINT (33.95454545 -118.42424224)
3846,13.425426237139815,POINT (33.96464646 -118.42424224)
3847,14.168920014986252,POINT (33.97474747 -118.42424224)
3848,14.245057391565249,POINT (33.98484848 -118.42424224)
3849,17.245933569868644,POINT (33.99494949 -118.42424224)
3850,18.630502700760335,POINT (34.0050505 -118.42424224)
3851,18.046303460774084,POINT (34.01515151 -118.42424224)
3852,17.46210422078783,POINT (34.02525252 -118.42424224)
3853,16.877904980801574,POINT (34.03535353 -118.42424224)
3854,16.336374717174657,POINT (34.04545454 -118.42424224)
3855,16.66188350350226,POINT (34.05555555 -118.42424224)
3856,15.477748073219185,POINT (34.06565656 -118.42424224)
3857,14.541212821170777,POINT (34.07575757 -118.42424224)
3858,13.60467756912237,POINT (34.08585858 -118.42424224)
3859,13.079707875668134,POINT (34.09595959 -118.42424224)
3860,12.755681804194863,POINT (34.1060606 -118.42424224)
3861,12.43165573272159,POINT (34.11616161 -118.42424224)
3862,12.356310227634003,POINT (34.12626262 -118.42424224)
3863,12.490319531465799,POINT (34.13636363 -118.42424224)
3864,12.624328835297687,POINT (34.14646464 -118.42424224)
3865,12.758338139129574,POINT (34.15656565 -118.42424224)
3866,12.892347442961464,POINT (34.16666666 -118.42424224)
3867,13.128332363726187,POINT (34.17676767 -118.42424224)
3868,13.801250448895413,POINT (34.18686868 -118.42424224)
3869,14.474168534064642,POINT (34.19696969 -118.42424224)
3870,15.147086619233868,POINT (34.2070707 -118.42424224)
3871,15.591793566839229,POINT (34.21717171 -118.42424224)
3872,14.763652897197204,POINT (34.22727272 -118.42424224)
3873,13.93551222755518,POINT (34.23737373 -118.42424224)
3944,14.274948991225415,POINT (33.94444444 -118.40909072)
3945,12.910264681120422,POINT (33.95454545 -118.40909072)
3946,11.87348747670681,POINT (33.96464646 -118.40909072)
3947,14.408012877889547,POINT (33.97474747 -118.40909072)
3948,16.78776882723562,POINT (33.98484848 -118.40909072)
3949,19.02578937364461,POINT (33.99494949 -118.40909072)
3950,21.51594060689662,POINT (34.0050505 -118.40909072)
3951,21.97559637360735,POINT (34.01515151 -118.40909072)
3952,21.365424919082475,POINT (34.02525252 -118.40909072)
3953,20.755253464557597,POINT (34.03535353 -118.40909072)
3954,20.145082010032723,POINT (34.04545454 -118.40909072)
3955,19.308447558371927,POINT (34.05555555 -118.40909072)
3956,15.869327201191528,POINT (34.06565656 -118.40909072)
3957,14.93279194914312,POINT (34.07575757 -118.40909072)
3958,13.996256697094712,POINT (34.08585858 -118.40909072)
3959,13.592252644762802,POINT (34.09595959 -118.40909072)
3960,13.268226573289528,POINT (34.1060606 -118.40909072)
3961,12.944200501816256,POINT (34.11616161 -118.40909072)
3962,12.620174430342985,POINT (34.12626262 -118.40909072)
3963,12.51940504756615,POINT (34.13636363 -118.40909072)
3964,12.653414351398037,POINT (34.14646464 -118.40909072)
3965,12.787423655229926,POINT (34.15656565 -118.40909072)
3966,12.976261289659758,POINT (34.16666666 -118.40909072)
3967,13.649179374828984,POINT (34.17676767 -118.40909072)
3968,14.322097459998211,POINT (34.18686868 -118.40909072)
3969,14.995015545167437,POINT (34.19696969 -118.40909072)
3970,15.667933630336663,POINT (34.2070707 -118.40909072)
3971,15.625012444026751,POINT (34.21717171 -118.40909072)
3972,14.796871774384726,POINT (34.22727272 -118.40909072)
3973,13.968731104742702,POINT (34.23737373 -118.40909072)
4043,13.75978743520602,POINT (33.93434343 -118.3939392)
4044,12.652906019713452,POINT (33.94444444 -118.3939392)
4045,12.768669946741904,POINT (33.95454545 -118.3939392)
4046,12.884433873770355,POINT (33.96464646 -118.3939392)
4047,14.281837994043087,POINT (33.97474747 -118.3939392)
4048,15.913887887472715,POINT (33.98484848 -118.3939392)
4049,17.549058395634187,POINT (33.99494949 -118.3939392)
4050,19.365497926338016,POINT (34.0050505 -118.3939392)
4051,22.11253336442401,POINT (34.01515151 -118.3939392)
4052,24.859568802510005,POINT (34.02525252 -118.3939392)
4053,24.52394322597354,POINT (34.03535353 -118.3939392)
4054,23.913771771448666,POINT (34.04545454 -118.3939392)
4055,22.93571887257286,POINT (34.05555555 -118.3939392)
4056,17.601297476020193,POINT (34.06565656 -118.3939392)
4057,15.324371077115465,POINT (34.07575757 -118.3939392)
4058,14.428823485330742,POINT (34.08585858 -118.3939392)
4059,14.104797413857469,POINT (34.09595959 -118.3939392)
4060,13.780771342384197,POINT (34.1060606 -118.3939392)
4061,13.456745270910924,POINT (34.11616161 -118.3939392)
4062,13.13271919943765,POINT (34.12626262 -118.3939392)
4063,12.808693127964606,POINT (34.13636363 -118.3939392)
4064,12.682499867498388,POINT (34.14646464 -118.3939392)
4065,12.824190215593326,POINT (34.15656565 -118.3939392)
4066,13.497108300762555,POINT (34.16666666 -118.3939392)
4067,14.17002638593178,POINT (34.17676767 -118.3939392)
4068,14.842944471101008,POINT (34.18686868 -118.3939392)
4069,15.515862556270235,POINT (34.19696969 -118.3939392)
4070,16.18878064143946,POINT (34.2070707 -118.3939392)
4071,15.658231321214274,POINT (34.21717171 -118.3939392)
4072,14.830090651572245,POINT (34.22727272 -118.3939392)
4073,14.001949981930224,POINT (34.23737373 -118.3939392)
4141,14.609310189291618,POINT (33.91414141 -118.37878768)
4142,14.161583029881434,POINT (33.92424242 -118.37878768)
4143,14.277346956909888,POINT (33.93434343 -118.37878768)
4144,14.393110883938336,POINT (33.94444444 -118.37878768)
4145,14.508874810966788,POINT (33.95454545 -118.37878768)
4146,14.624638737995241,POINT (33.96464646 -118.37878768)
4147,15.393771812455476,POINT (33.97474747 -118.37878768)
4148,17.025821705885104,POINT (33.98484848 -118.37878768)
4149,18.687431544599118,POINT (33.99494949 -118.37878768)
4150,20.389243856368765,POINT (34.0050505 -118.37878768)
4151,22.091056168138408,POINT (34.01515151 -118.37878768)
4152,23.792868479908062,POINT (34.02525252 -118.37878768)
4153,25.49468079167771,POINT (34.03535353 -118.37878768)
4154,27.68246153286461,POINT (34.04545454 -118.37878768)
4155,26.56299018677379,POINT (34.05555555 -118.37878768)
4156,21.228568790221125,POINT (34.06565656 -118.37878768)
4157,15.894147393668456,POINT (34.07575757 -118.37878768)
4158,14.941368254425408,POINT (34.08585858 -118.37878768)
4159,14.617342182952138,POINT (34.09595959 -118.37878768)
4160,14.293316111478864,POINT (34.1060606 -118.37878768)
4161,13.96929004000559,POINT (34.11616161 -118.37878768)
4162,13.645263968532317,POINT (34.12626262 -118.37878768)
4163,13.387393094666518,POINT (34.13636363 -118.37878768)
4164,13.19098633529463,POINT (34.14646464 -118.37878768)
4165,13.345037226696125,POINT (34.15656565 -118.37878768)
4166,14.017955311865352,POINT (34.16666666 -118.37878768)
4167,14.690873397034578,POINT (34.17676767 -118.37878768)
4168,15.363791482203805,POINT (34.18686868 -118.37878768)
4169,16.03670956737303,POINT (34.19696969 -118.37878768)
4170,16.51959086804382,POINT (34.2070707 -118.37878768)
4171,15.691450198401794,POINT (34.21717171 -118.37878768)
4172,14.863309528759771,POINT (34.22727272 -118.37878768)
4173,14.035168859117746,POINT (34.23737373 -118.37878768)
4241,15.248095810391018,POINT (33.91414141 -118.36363616)
4242,15.747842641682936,POINT (33.92424242 -118.36363616)
4243,16.01755182113477,POINT (33.93434343 -118.36363616)
4244,16.13331574816322,POINT (33.94444444 -118.36363616)
4245,16.249079675191673,POINT (33.95454545 -118.36363616)
4246,16.364843602220123,POINT (33.96464646 -118.36363616)
4247,16.505705630867862,POINT (33.97474747 -118.36363616)
4248,18.13775552429749,POINT (33.98484848 -118.36363616)
4249,19.825804693564045,POINT (33.99494949 -118.36363616)
4250,21.527617005333692,POINT (34.0050505 -118.36363616)
4251,23.229429317103342,POINT (34.01515151 -118.36363616)
4252,24.93124162887299,POINT (34.02525252 -118.36363616)
4253,26.633053940642636,POINT (34.03535353 -118.36363616)
4254,27.736503365148035,POINT (34.04545454 -118.36363616)
4255,28.274073366731812,POINT (34.05555555 -118.36363616)
4256,24.377473781590755,POINT (34.06565656 -118.36363616)
4257,19.12416120950752,POINT (34.07575757 -118.36363616)
4258,15.444605611033337,POINT (34.08585858 -118.36363616)
4259,15.529661897518745,POINT (34.09595959 -118.36363616)
4260,15.334993483078787,POINT (34.1060606 -118.36363616)
4261,15.140325068638832,POINT (34.11616161 -118.36363616)
4262,14.945062724613486,POINT (34.12626262 -118.36363616)
4263,14.741479017151313,POINT (34.13636363 -118.36363616)
4264,14.537895309689002,POINT (34.14646464 -118.36363616)
4265,14.334311602226688,POINT (34.15656565 -118.36363616)
4266,14.538802322968147,POINT (34.16666666 -118.36363616)
4267,15.211720408137372,POINT (34.17676767 -118.36363616)
4268,15.8846384933066,POINT (34.18686868 -118.36363616)
4269,16.557556578475825,POINT (34.19696969 -118.36363616)
4270,16.55280974523134,POINT (34.2070707 -118.36363616)
4271,15.724669075589317,POINT (34.21717171 -118.36363616)
4272,14.896528405947294,POINT (34.22727272 -118.36363616)
4273,14.068387736305265,POINT (34.23737373 -118.36363616)
4341,14.833184384515864,POINT (33.91414141 -118.34848464)
4342,16.17889761811918,POINT (33.92424242 -118.34848464)
4343,16.678644449411102,POINT (33.93434343 -118.34848464)
4344,17.178391280703025,POINT (33.94444444 -118.34848464)
4345,17.678138111994947,POINT (33.95454545 -118.34848464)
4346,18.105048466445005,POINT (33.96464646 -118.34848464)
4347,18.22081239347346,POINT (33.97474747 -118.34848464)
4348,19.26236553075933,POINT (33.98484848 -118.34848464)
4349,20.964177842528976,POINT (33.99494949 -118.34848464)
4350,22.306967883776096,POINT (34.0050505 -118.34848464)
4351,23.12414703220357,POINT (34.01515151 -118.34848464)
4352,23.941326180631044,POINT (34.02525252 -118.34848464)
4353,24.758505329058515,POINT (34.03535353 -118.34848464)
4354,25.575684477485986,POINT (34.04545454 -118.34848464)
4355,26.39286362591346,POINT (34.05555555 -118.34848464)
4356,23.937670256600313,POINT (34.06565656 -118.34848464)
4357,21.381809261069264,POINT (34.07575757 -118.34848464)
4358,16.95491107006751,POINT (34.08585858 -118.34848464)
4359,15.32371189691319,POINT (34.09595959 -118.34848464)
4360,15.532171406628397,POINT (34.1060606 -118.34848464)
4361,15.746800091649071,POINT (34.11616161 -118.34848464)
4362,16.00349741635629,POINT (34.12626262 -118.34848464)
4363,16.088387991545684,POINT (34.13636363 -118.34848464)
4364,15.88480428408337,POINT (34.14646464 -118.34848464)
4365,15.681220576621058,POINT (34.15656565 -118.34848464)
4366,15.477636869158744,POINT (34.16666666 -118.34848464)
4367,15.732567419240171,POINT (34.17676767 -118.34848464)
4368,16.4054855044094,POINT (34.18686868 -118.34848464)
4369,17.078403589578624,POINT (34.19696969 -118.34848464)
4370,16.586028622418866,POINT (34.2070707 -118.34848464)
4371,15.75788795277684,POINT (34.21717171 -118.34848464)
4372,14.929747283134812,POINT (34.22727272 -118.34848464)
4373,14.101606613492788,POINT (34.23737373 -118.34848464)
4441,14.440709427065466,POINT (33.91414141 -118.33333312)
4442,16.609952594555423,POINT (33.92424242 -118.33333312)
4443,17.10969942584735,POINT (33.93434343 -118.33333312)
4444,17.60944625713927,POINT (33.94444444 -118.33333312)
4445,18.10919308843119,POINT (33.95454545 -118.33333312)
4446,18.608939919723113,POINT (33.96464646 -118.33333312)
4447,19.108686751015032,POINT (33.97474747 -118.33333312)
4448,19.010563141864242,POINT (33.98484848 -118.33333312)
4449,19.328969847686572,POINT (33.99494949 -118.33333312)
4450,20.146148996114047,POINT (34.0050505 -118.33333312)
4451,20.96332814454152,POINT (34.01515151 -118.33333312)
4452,21.78050729296899,POINT (34.02525252 -118.33333312)
4453,22.59768644139647,POINT (34.03535353 -118.33333312)
4454,23.414865589823943,POINT (34.04545454 -118.33333312)
4455,24.23204473825141,POINT (34.05555555 -118.33333312)
4456,22.10495966194054,POINT (34.06565656 -118.33333312)
4457,19.60126714646882,POINT (34.07575757 -118.33333312)
4458,17.904035209135404,POINT (34.08585858 -118.33333312)
4459,16.680836311783032,POINT (34.09595959 -118.33333312)
4460,15.607334394271545,POINT (34.1060606 -118.33333312)
4461,15.842288669581274,POINT (34.11616161 -118.33333312)
4462,16.098985994288494,POINT (34.12626262 -118.33333312)
4463,16.35568331899553,POINT (34.13636363 -118.33333312)
4464,16.61238064370275,POINT (34.14646464 -118.33333312)
4465,16.86907796840997,POINT (34.15656565 -118.33333312)
4466,16.82454584355311,POINT (34.16666666 -118.33333312)
4467,16.6209621360908,POINT (34.17676767 -118.33333312)
4468,16.926332515512193,POINT (34.18686868 -118.33333312)
4469,17.447388169248413,POINT (34.19696969 -118.33333312)
4470,16.619247499606384,POINT (34.2070707 -118.33333312)
4471,15.79110682996436,POINT (34.21717171 -118.33333312)
4472,14.962966160322337,POINT (34.22727272 -118.33333312)
4473,14.134825490680312,POINT (34.23737373 -118.33333312)
4541,14.765710028807227,POINT (33.91414141 -118.3181816)
4542,15.999680888015934,POINT (33.92424242 -118.3181816)
4543,17.540754402283596,POINT (33.93434343 -118.3181816)
4544,18.04050123357551,POINT (33.94444444 -118.3181816)
4545,18.540248064867434,POINT (33.95454545 -118.3181816)
4546,19.03999489615936,POINT (33.96464646 -118.3181816)
4547,19.49737802408695,POINT (33.97474747 -118.3181816)
4548,18.543468033055877,POINT (33.98484848 -118.3181816)
4549,18.58378050802109,POINT (33.99494949 -118.3181816)
4550,18.624092982986305,POINT (34.0050505 -118.3181816)
4551,18.80250925687947,POINT (34.01515151 -118.3181816)
4552,19.619688405306945,POINT (34.02525252 -118.3181816)
4553,20.43686755373442,POINT (34.03535353 -118.3181816)
4554,21.25404670216189,POINT (34.04545454 -118.3181816)
4555,22.071225850589364,POINT (34.05555555 -118.3181816)
4556,20.272249067280768,POINT (34.06565656 -118.3181816)
4557,18.024671631496435,POINT (34.07575757 -118.3181816)
4558,17.22867700967806,POINT (34.08585858 -118.3181816)
4559,16.43268238785968,POINT (34.09595959 -118.3181816)
4560,15.82272562722888,POINT (34.1060606 -118.3181816)
4561,15.837752801948675,POINT (34.11616161 -118.3181816)
4562,16.119550097425225,POINT (34.12626262 -118.3181816)
4563,16.401347392901577,POINT (34.13636363 -118.3181816)
4564,16.683144688378132,POINT (34.14646464 -118.3181816)
4565,16.96456654634217,POINT (34.15656565 -118.3181816)
4566,17.221263871049388,POINT (34.16666666 -118.3181816)
4567,17.47796119575661,POINT (34.17676767 -118.3181816)
4568,17.734658520463828,POINT (34.18686868 -118.3181816)
4569,17.48060704643593,POINT (34.19696969 -118.3181816)
4570,16.652466376793907,POINT (34.2070707 -118.3181816)
4571,15.824325707151884,POINT (34.21717171 -118.3181816)
4572,14.996185037509857,POINT (34.22727272 -118.3181816)
4573,14.168044367867832,POINT (34.23737373 -118.3181816)
4642,14.401767455871141,POINT (33.92424242 -118.30303008)
4643,17.97180937871984,POINT (33.93434343 -118.30303008)
4644,18.471556210011762,POINT (33.94444444 -118.30303008)
4645,18.97130304130368,POINT (33.95454545 -118.30303008)
4646,19.471049872595607,POINT (33.96464646 -118.30303008)
4647,18.09964156230362,POINT (33.97474747 -118.30303008)
4648,18.076372924247508,POINT (33.98484848 -118.30303008)
4649,18.11668539921272,POINT (33.99494949 -118.30303008)
4650,18.156997874177936,POINT (34.0050505 -118.30303008)
4651,18.19731034914315,POINT (34.01515151 -118.30303008)
4652,18.237622824108367,POINT (34.02525252 -118.30303008)
4653,18.27793529907358,POINT (34.03535353 -118.30303008)
4654,19.093227814499848,POINT (34.04545454 -118.30303008)
4655,19.910406962927315,POINT (34.05555555 -118.30303008)
4656,18.439538472620995,POINT (34.06565656 -118.30303008)
4657,17.34931343203909,POINT (34.07575757 -118.30303008)
4658,16.7457730847258,POINT (34.08585858 -118.30303008)
4659,16.502447609013593,POINT (34.09595959 -118.30303008)
4660,16.259122133301393,POINT (34.1060606 -118.30303008)
4661,16.020841169546664,POINT (34.11616161 -118.30303008)
4662,15.78365603540518,POINT (34.12626262 -118.30303008)
4663,15.966961587909136,POINT (34.13636363 -118.30303008)
4664,16.24875888338569,POINT (34.14646464 -118.30303008)
4665,16.53055617886224,POINT (34.15656565 -118.30303008)
4666,16.812353474338796,POINT (34.16666666 -118.30303008)
4667,17.094150769815347,POINT (34.17676767 -118.30303008)
4668,16.992537582300884,POINT (34.18686868 -118.30303008)
4669,16.67488024388972,POINT (34.19696969 -118.30303008)
4670,16.685685253981433,POINT (34.2070707 -118.30303008)
4671,15.857544584339404,POINT (34.21717171 -118.30303008)
4672,15.029403914697378,POINT (34.22727272 -118.30303008)
4673,14.201263245055355,POINT (34.23737373 -118.30303008)
4742,14.004843355293634,POINT (33.92424242 -118.28787856)
4743,17.16617739151601,POINT (33.93434343 -118.28787856)
4744,18.902611186448006,POINT (33.94444444 -118.28787856)
4745,19.402358017739928,POINT (33.95454545 -118.28787856)
4746,19.902104849031847,POINT (33.96464646 -118.28787856)
4747,17.621964627430188,POINT (33.97474747 -118.28787856)
4748,17.60927781543914,POINT (33.98484848 -118.28787856)
4749,17.649590290404355,POINT (33.99494949 -118.28787856)
4750,17.68990276536957,POINT (34.0050505 -118.28787856)
4751,17.730215240334786,POINT (34.01515151 -118.28787856)
4752,17.770527715300002,POINT (34.02525252 -118.28787856)
4753,17.810840190265214,POINT (34.03535353 -118.28787856)
4754,17.851152665230426,POINT (34.04545454 -118.28787856)
4755,17.891465140195645,POINT (34.05555555 -118.28787856)
4756,17.668820542222722,POINT (34.06565656 -118.28787856)
4757,17.425495066510518,POINT (34.07575757 -118.28787856)
4758,17.182169590798313,POINT (34.08585858 -118.28787856)
4759,16.93884411508611,POINT (34.09595959 -118.28787856)
4760,16.695518639373905,POINT (34.1060606 -118.28787856)
4761,16.456977612544684,POINT (34.11616161 -118.28787856)
4762,16.219792478403196,POINT (34.12626262 -118.28787856)
4763,15.98260734426188,POINT (34.13636363 -118.28787856)
4764,15.814373078393245,POINT (34.14646464 -118.28787856)
4765,16.0961703738698,POINT (34.15656565 -118.28787856)
4766,16.37796766934635,POINT (34.16666666 -118.28787856)
4767,16.058593260058466,POINT (34.17676767 -118.28787856)
4768,15.69464800846782,POINT (34.18686868 -118.28787856)
4769,15.33070275687717,POINT (34.19696969 -118.28787856)
4770,15.730353433410441,POINT (34.2070707 -118.28787856)
4771,15.890763461526927,POINT (34.21717171 -118.28787856)
4772,15.062622791884902,POINT (34.22727272 -118.28787856)
4773,14.234482122242877,POINT (34.23737373 -118.28787856)
4842,14.038930232445075,POINT (33.92424242 -118.27272704)
4843,15.568263959371215,POINT (33.93434343 -118.27272704)
4844,19.33366616288425,POINT (33.94444444 -118.27272704)
4845,19.83341299417617,POINT (33.95454545 -118.27272704)
4846,19.067822644782343,POINT (33.96464646 -118.27272704)
4847,17.14428769255676,POINT (33.97474747 -118.27272704)
4848,17.142182706630777,POINT (33.98484848 -118.27272704)
4849,17.18249518159599,POINT (33.99494949 -118.27272704)
4850,17.2228076565612,POINT (34.0050505 -118.27272704)
4851,17.263120131526417,POINT (34.01515151 -118.27272704)
4852,17.303432606491633,POINT (34.02525252 -118.27272704)
4853,17.35461996202006,POINT (34.03535353 -118.27272704)
4854,17.41758190646291,POINT (34.04545454 -118.27272704)
4855,17.48054385090576,POINT (34.05555555 -118.27272704)
4856,17.273058173481402,POINT (34.06565656 -118.27272704)
4857,16.972623508473156,POINT (34.07575757 -118.27272704)
4858,17.2782966609633,POINT (34.08585858 -118.27272704)
4859,17.375240621158625,POINT (34.09595959 -118.27272704)
4860,17.131915145446417,POINT (34.1060606 -118.27272704)
4861,16.893114055542704,POINT (34.11616161 -118.27272704)
4862,16.655928921401216,POINT (34.12626262 -118.27272704)
4863,16.418743787259896,POINT (34.13636363 -118.27272704)
4864,16.19840173577689,POINT (34.14646464 -118.27272704)
4865,15.860659062861442,POINT (34.15656565 -118.27272704)
4866,15.124648937816042,POINT (34.16666666 -118.27272704)
4867,14.760703686225398,POINT (34.17676767 -118.27272704)
4868,14.39675843463475,POINT (34.18686868 -118.27272704)
4869,14.032813183044105,POINT (34.19696969 -118.27272704)
4870,13.668867931453459,POINT (34.2070707 -118.27272704)
4871,14.785826622931165,POINT (34.21717171 -118.27272704)
4872,15.095841669072424,POINT (34.22727272 -118.27272704)
4873,14.2677009994304,POINT (34.23737373 -118.27272704)
4942,14.073017109596517,POINT (33.92424242 -118.25757552)
4943,13.97035052722642,POINT (33.93434343 -118.25757552)
4944,18.33267389501608,POINT (33.94444444 -118.25757552)
4945,20.264467970612415,POINT (33.95454545 -118.25757552)
4946,17.63450535057844,POINT (33.96464646 -118.25757552)
4947,16.666610757683323,POINT (33.97474747 -118.25757552)
4948,16.675087597822408,POINT (33.98484848 -118.25757552)
4949,16.71540007278762,POINT (33.99494949 -118.25757552)
4950,16.7723889169285,POINT (34.0050505 -118.25757552)
4951,16.835350861371346,POINT (34.01515151 -118.25757552)
4952,16.8983128058142,POINT (34.02525252 -118.25757552)
4953,16.96127475025705,POINT (34.03535353 -118.25757552)
4954,17.0242366946999,POINT (34.04545454 -118.25757552)
4955,17.087198639142752,POINT (34.05555555 -118.25757552)
4956,17.150160583585603,POINT (34.06565656 -118.25757552)
4957,16.223133307136816,POINT (34.07575757 -118.25757552)
4958,15.74313937741211,POINT (34.08585858 -118.25757552)
4959,16.048812529902257,POINT (34.09595959 -118.25757552)
4960,17.316390618538897,POINT (34.1060606 -118.25757552)
4961,16.324791040096695,POINT (34.11616161 -118.25757552)
4962,17.2223976282928,POINT (34.12626262 -118.25757552)
4963,17.010076434014547,POINT (34.13636363 -118.25757552)
4964,16.665597336500056,POINT (34.14646464 -118.25757552)
4965,15.75608288565956,POINT (34.15656565 -118.25757552)
4966,14.846568434819055,POINT (34.16666666 -118.25757552)
4967,13.937053983978556,POINT (34.17676767 -118.25757552)
4968,13.098868860801684,POINT (34.18686868 -118.25757552)
4969,12.734923609211037,POINT (34.19696969 -118.25757552)
4970,12.37097835762039,POINT (34.2070707 -118.25757552)
4971,12.640807956246858,POINT (34.21717171 -118.25757552)
4972,13.841299812451886,POINT (34.22727272 -118.25757552)
4973,14.30091987661792,POINT (34.23737373 -118.25757552)
5042,14.107103986747928,POINT (33.92424242 -118.242424)
5043,13.568977283521768,POINT (33.93434343 -118.242424)
5044,16.734760462872785,POINT (33.94444444 -118.242424)
5045,20.201938384326773,POINT (33.95454545 -118.242424)
5046,17.433229296432287,POINT (33.96464646 -118.242424)
5047,16.367697892836922,POINT (33.97474747 -118.242424)
5048,16.50691700019042,POINT (33.98484848 -118.242424)
5049,16.371855690602928,POINT (33.99494949 -118.242424)
5050,16.379043705165856,POINT (34.0050505 -118.242424)
5051,16.44200564960871,POINT (34.01515151 -118.242424)
5052,16.504967594051557,POINT (34.02525252 -118.242424)
5053,16.56792953849441,POINT (34.03535353 -118.242424)
5054,16.630891482937262,POINT (34.04545454 -118.242424)
5055,16.693853427380112,POINT (34.05555555 -118.242424)
5056,16.756815371822963,POINT (34.06565656 -118.242424)
5057,16.30003866457009,POINT (34.07575757 -118.242424)
5058,15.319530673848986,POINT (34.08585858 -118.242424)
5059,16.684006518171905,POINT (34.09595959 -118.242424)
5060,17.05968753170958,POINT (34.1060606 -118.242424)
5061,16.117732350922527,POINT (34.11616161 -118.242424)
5062,14.961562768689777,POINT (34.12626262 -118.242424)
5063,16.584362542232874,POINT (34.13636363 -118.242424)
5064,16.575666996047268,POINT (34.14646464 -118.242424)
5065,15.65150670845777,POINT (34.15656565 -118.242424)
5066,14.74199225761727,POINT (34.16666666 -118.242424)
5067,13.832477806776767,POINT (34.17676767 -118.242424)
5068,12.922963355936268,POINT (34.18686868 -118.242424)
5069,12.013448905095768,POINT (34.19696969 -118.242424)
5070,11.103934454255267,POINT (34.2070707 -118.242424)
5071,10.709143532197892,POINT (34.21717171 -118.242424)
5072,11.696281145769593,POINT (34.22727272 -118.242424)
5073,13.851587184819664,POINT (34.23737373 -118.242424)
5142,15.138452353473472,POINT (33.92424242 -118.22727248)
5143,13.60306416067321,POINT (33.93434343 -118.22727248)
5144,15.136847030727992,POINT (33.94444444 -118.22727248)
5145,14.488813121764768,POINT (33.95454545 -118.22727248)
5146,15.868732276231619,POINT (33.96464646 -118.22727248)
5147,16.971189063834455,POINT (33.97474747 -118.22727248)
5148,16.632650144593207,POINT (33.98484848 -118.22727248)
5149,16.989928672217804,POINT (33.99494949 -118.22727248)
5150,17.011170679195136,POINT (34.0050505 -118.22727248)
5151,16.876109369607647,POINT (34.01515151 -118.22727248)
5152,16.741048060020155,POINT (34.02525252 -118.22727248)
5153,16.605986750432667,POINT (34.03535353 -118.22727248)
5154,16.47092544084518,POINT (34.04545454 -118.22727248)
5155,16.335864131257686,POINT (34.05555555 -118.22727248)
5156,16.363470160059954,POINT (34.06565656 -118.22727248)
5157,16.376944022003435,POINT (34.07575757 -118.22727248)
5158,16.376432440700526,POINT (34.08585858 -118.22727248)
5159,16.948461671380894,POINT (34.09595959 -118.22727248)
5160,16.406117012776534,POINT (34.1060606 -118.22727248)
5161,15.797850714922102,POINT (34.11616161 -118.22727248)
5162,15.143243778135457,POINT (34.12626262 -118.22727248)
5163,14.526893735369713,POINT (34.13636363 -118.22727248)
5164,14.201876385099514,POINT (34.14646464 -118.22727248)
5165,14.94089697313672,POINT (34.15656565 -118.22727248)
5166,15.354001593945771,POINT (34.16666666 -118.22727248)
5167,14.367586065793716,POINT (34.17676767 -118.22727248)
5168,13.381170537641664,POINT (34.18686868 -118.22727248)
5169,12.39475500948961,POINT (34.19696969 -118.22727248)
5170,11.408339481337556,POINT (34.2070707 -118.22727248)
5171,10.421923953185502,POINT (34.21717171 -118.22727248)
5172,11.974384533773161,POINT (34.22727272 -118.22727248)
5242,16.47562479548262,POINT (33.92424242 -118.21212096)
5243,13.637151037824651,POINT (33.93434343 -118.21212096)
5244,16.027479643798678,POINT (33.94444444 -118.21212096)
5245,18.969259855944948,POINT (33.95454545 -118.21212096)
5246,20.44226472904549,POINT (33.96464646 -118.21212096)
5247,17.948903038226234,POINT (33.97474747 -118.21212096)
5248,16.988441191964558,POINT (33.98484848 -118.21212096)
5249,16.986413081620977,POINT (33.99494949 -118.21212096)
5250,17.34369160924557,POINT (34.0050505 -118.21212096)
5251,17.650485667787343,POINT (34.01515151 -118.21212096)
5252,17.51542435819985,POINT (34.02525252 -118.21212096)
5253,17.380363048612363,POINT (34.03535353 -118.21212096)
5254,17.245301739024875,POINT (34.04545454 -118.21212096)
5255,17.110240429437383,POINT (34.05555555 -118.21212096)
5256,16.793579224185507,POINT (34.06565656 -118.21212096)
5257,16.17058707614121,POINT (34.07575757 -118.21212096)
5258,16.00073416433474,POINT (34.08585858 -118.21212096)
5259,15.158465336249076,POINT (34.09595959 -118.21212096)
5260,14.240851649144485,POINT (34.1060606 -118.21212096)
5261,18.891234576382534,POINT (34.11616161 -118.21212096)
5262,15.613730671363008,POINT (34.12626262 -118.21212096)
5263,15.081376474014245,POINT (34.13636363 -118.21212096)
5264,14.756359123744044,POINT (34.14646464 -118.21212096)
5265,14.431341773473847,POINT (34.15656565 -118.21212096)
5266,14.106324423203649,POINT (34.16666666 -118.21212096)
5267,13.781307072933451,POINT (34.17676767 -118.21212096)
5268,14.132336191844278,POINT (34.18686868 -118.21212096)
5269,13.145920663692225,POINT (34.19696969 -118.21212096)
5270,12.15950513554017,POINT (34.2070707 -118.21212096)
5271,11.226994899677958,POINT (34.21717171 -118.21212096)
5272,13.548515403880296,POINT (34.22727272 -118.21212096)
5343,13.671237914976095,POINT (33.93434343 -118.19696944)
5344,21.775043358404723,POINT (33.94444444 -118.19696944)
5345,20.99590438811079,POINT (33.95454545 -118.19696944)
5346,24.847583673013716,POINT (33.96464646 -118.19696944)
5347,20.003520285605305,POINT (33.97474747 -118.19696944)
5348,19.21427782979818,POINT (33.98484848 -118.19696944)
5349,18.725408734693186,POINT (33.99494949 -118.19696944)
5350,18.24010382517045,POINT (34.0050505 -118.19696944)
5351,17.754798915647715,POINT (34.01515151 -118.19696944)
5352,18.054733073897935,POINT (34.02525252 -118.19696944)
5353,18.154739346792056,POINT (34.03535353 -118.19696944)
5354,17.86501419223733,POINT (34.04545454 -118.19696944)
5355,16.98071775845845,POINT (34.05555555 -118.19696944)
5356,16.120660841022918,POINT (34.06565656 -118.19696944)
5357,15.950807929216452,POINT (34.07575757 -118.19696944)
5358,15.780955017409989,POINT (34.08585858 -118.19696944)
5359,15.611102105603521,POINT (34.09595959 -118.19696944)
5360,15.142449093121087,POINT (34.1060606 -118.19696944)
5361,14.272481226380812,POINT (34.11616161 -118.19696944)
5362,15.307595710633748,POINT (34.12626262 -118.19696944)
5363,15.362472109370604,POINT (34.13636363 -118.19696944)
5364,15.103759734300699,POINT (34.14646464 -118.19696944)
5365,14.815239411167855,POINT (34.15656565 -118.19696944)
5366,14.526719088035016,POINT (34.16666666 -118.19696944)
5367,14.238198764902172,POINT (34.17676767 -118.19696944)
5368,13.94967844176933,POINT (34.18686868 -118.19696944)
5369,13.661158118636488,POINT (34.19696969 -118.19696944)
5370,12.960077196724505,POINT (34.2070707 -118.19696944)
5371,12.044009145362352,POINT (34.21717171 -118.19696944)
5443,13.705324792127538,POINT (33.93434343 -118.18181792)
5444,19.758955841358254,POINT (33.94444444 -118.18181792)
5445,18.623121754479474,POINT (33.95454545 -118.18181792)
5446,18.361223268699046,POINT (33.96464646 -118.18181792)
5447,18.099324782918625,POINT (33.97474747 -118.18181792)
5448,18.005458067494565,POINT (33.98484848 -118.18181792)
5449,18.039345332138954,POINT (33.99494949 -118.18181792)
5450,17.82738351827326,POINT (34.0050505 -118.18181792)
5451,17.803226384094515,POINT (34.01515151 -118.18181792)
5452,17.779069249915775,POINT (34.02525252 -118.18181792)
5453,17.754912115737028,POINT (34.03535353 -118.18181792)
5454,17.167856292731393,POINT (34.04545454 -118.18181792)
5455,16.28355985895252,POINT (34.05555555 -118.18181792)
5456,15.900881694098166,POINT (34.06565656 -118.18181792)
5457,15.731028782291698,POINT (34.07575757 -118.18181792)
5458,15.561175870485233,POINT (34.08585858 -118.18181792)
5459,15.391322958678767,POINT (34.09595959 -118.18181792)
5460,15.2214700468723,POINT (34.1060606 -118.18181792)
5461,15.051617135065834,POINT (34.11616161 -118.18181792)
5462,15.004360388246091,POINT (34.12626262 -118.18181792)
5463,14.845122012922197,POINT (34.13636363 -118.18181792)
5464,14.685883637598188,POINT (34.14646464 -118.18181792)
5465,14.52664526227418,POINT (34.15656565 -118.18181792)
5466,14.33986555825034,POINT (34.16666666 -118.18181792)
5467,14.051345235117497,POINT (34.17676767 -118.18181792)
5468,20.667115676284407,POINT (34.18686868 -118.18181792)
5469,23.768291815124893,POINT (34.19696969 -118.18181792)
5470,13.777091442408897,POINT (34.2070707 -118.18181792)
5471,13.245443622940925,POINT (34.21717171 -118.18181792)
5543,13.73941166927898,POINT (33.93434343 -118.1666664)
5544,16.86457510575735,POINT (33.94444444 -118.1666664)
5545,16.501702214249494,POINT (33.95454545 -118.1666664)
5546,16.39282107263574,POINT (33.96464646 -118.1666664)
5547,17.186997724136422,POINT (33.97474747 -118.1666664)
5548,17.33596570555915,POINT (33.98484848 -118.1666664)
5549,17.1287171048392,POINT (33.99494949 -118.1666664)
5550,16.95001872755737,POINT (34.0050505 -118.1666664)
5551,16.77132035027554,POINT (34.01515151 -118.1666664)
5552,16.69691809830392,POINT (34.02525252 -118.1666664)
5553,16.67276096412518,POINT (34.03535353 -118.1666664)
5554,16.47069839322546,POINT (34.04545454 -118.1666664)
5555,15.850955458979879,POINT (34.05555555 -118.1666664)
5556,15.681102547173412,POINT (34.06565656 -118.1666664)
5557,15.511249635366944,POINT (34.07575757 -118.1666664)
5558,15.341396723560479,POINT (34.08585858 -118.1666664)
5559,15.217830018872608,POINT (34.09595959 -118.1666664)
5560,15.11807196912347,POINT (34.1060606 -118.1666664)
5561,15.018313919374332,POINT (34.11616161 -118.1666664)
5562,14.665598640783358,POINT (34.12626262 -118.1666664)
5563,14.346398854775897,POINT (34.13636363 -118.1666664)
5564,14.18801487136288,POINT (34.14646464 -118.1666664)
5565,14.029630887949864,POINT (34.15656565 -118.1666664)
5566,13.871246904536847,POINT (34.16666666 -118.1666664)
5567,14.139741761204817,POINT (34.17676767 -118.1666664)
5568,17.0017031739373,POINT (34.18686868 -118.1666664)
5569,19.84293101449673,POINT (34.19696969 -118.1666664)
5570,17.164477739083587,POINT (34.2070707 -118.1666664)
5643,14.174022236131822,POINT (33.93434343 -118.15151488)
5644,14.64218115979994,POINT (33.94444444 -118.15151488)
5645,15.322713650967277,POINT (33.95454545 -118.15151488)
5646,16.116890302467958,POINT (33.96464646 -118.15151488)
5647,16.911066953968643,POINT (33.97474747 -118.15151488)
5648,16.803166242722792,POINT (33.98484848 -118.15151488)
5649,16.624467865440963,POINT (33.99494949 -118.15151488)
5650,16.445769488159137,POINT (34.0050505 -118.15151488)
5651,16.267071110877307,POINT (34.01515151 -118.15151488)
5652,16.088372733595477,POINT (34.02525252 -118.15151488)
5653,15.909674356313648,POINT (34.03535353 -118.15151488)
5654,16.223478091822628,POINT (34.04545454 -118.15151488)
5655,15.848437717782856,POINT (34.05555555 -118.15151488)
5656,15.691014203485903,POINT (34.06565656 -118.15151488)
5657,15.591256153736763,POINT (34.07575757 -118.15151488)
5658,15.491498103987627,POINT (34.08585858 -118.15151488)
5659,15.39174005423849,POINT (34.09595959 -118.15151488)
5660,15.291982004489352,POINT (34.1060606 -118.15151488)
5661,14.974394960459696,POINT (34.11616161 -118.15151488)
5662,14.569085111059689,POINT (34.12626262 -118.15151488)
5663,14.163775261659968,POINT (34.13636363 -118.15151488)
5664,13.758465412259962,POINT (34.14646464 -118.15151488)
5665,13.541543511412982,POINT (34.15656565 -118.15151488)
5666,13.383159527999965,POINT (34.16666666 -118.15151488)
5667,13.483946079428652,POINT (34.17676767 -118.15151488)
5668,14.872778675787421,POINT (34.18686868 -118.15151488)
5669,15.474665802864472,POINT (34.19696969 -118.15151488)
5670,13.978707684766142,POINT (34.2070707 -118.15151488)
5743,15.51119467814097,POINT (33.93434343 -118.13636336)
5744,14.47527024122414,POINT (33.94444444 -118.13636336)
5745,15.04678288079949,POINT (33.95454545 -118.13636336)
5746,15.840959532300175,POINT (33.96464646 -118.13636336)
5747,16.478949018176237,POINT (33.97474747 -118.13636336)
5748,16.298917003324558,POINT (33.98484848 -118.13636336)
5749,16.159917807435612,POINT (33.99494949 -118.13636336)
5750,16.623328580999395,POINT (34.0050505 -118.13636336)
5751,17.08673935456317,POINT (34.01515151 -118.13636336)
5752,17.550150128126944,POINT (34.02525252 -118.13636336)
5753,17.96120892334039,POINT (34.03535353 -118.13636336)
5754,17.586168549300616,POINT (34.04545454 -118.13636336)
5755,17.211128175260843,POINT (34.05555555 -118.13636336)
5756,16.836087801221066,POINT (34.06565656 -118.13636336)
5757,16.461047427181292,POINT (34.07575757 -118.13636336)
5758,16.08600705314152,POINT (34.08585858 -118.13636336)
5759,15.710966679101743,POINT (34.09595959 -118.13636336)
5760,15.283191280136034,POINT (34.1060606 -118.13636336)
5761,14.877881430736029,POINT (34.11616161 -118.13636336)
5762,14.47257158133602,POINT (34.12626262 -118.13636336)
5763,14.067261731936298,POINT (34.13636363 -118.13636336)
5764,13.661951882536293,POINT (34.14646464 -118.13636336)
5765,13.256642033136286,POINT (34.15656565 -118.13636336)
5766,12.895072151463083,POINT (34.16666666 -118.13636336)
5767,12.922343699302,POINT (34.17676767 -118.13636336)
5768,13.273622286203118,POINT (34.18686868 -118.13636336)
5769,13.80527480478436,POINT (34.19696969 -118.13636336)
5843,16.84836712015012,POINT (33.93434343 -118.12121184)
5844,15.210710054048496,POINT (33.94444444 -118.12121184)
5845,15.722863320724084,POINT (33.95454545 -118.12121184)
5846,16.23501658739967,POINT (33.96464646 -118.12121184)
5847,16.975530800033784,POINT (33.97474747 -118.12121184)
5848,17.858029671286797,POINT (33.98484848 -118.12121184)
5849,18.321440444850573,POINT (33.99494949 -118.12121184)
5850,18.784851218414353,POINT (34.0050505 -118.12121184)
5851,19.248261991978126,POINT (34.01515151 -118.12121184)
5852,19.698939754858152,POINT (34.02525252 -118.12121184)
5853,19.323899380818382,POINT (34.03535353 -118.12121184)
5854,18.948859006778598,POINT (34.04545454 -118.12121184)
5855,18.573818632738828,POINT (34.05555555 -118.12121184)
5856,18.13662045898967,POINT (34.06565656 -118.12121184)
5857,17.585813740645396,POINT (34.07575757 -118.12121184)
5858,17.03500702230112,POINT (34.08585858 -118.12121184)
5859,16.484200303956847,POINT (34.09595959 -118.12121184)
5860,15.933393585612572,POINT (34.1060606 -118.12121184)
5861,15.439846197763343,POINT (34.11616161 -118.12121184)
5862,14.969886032772987,POINT (34.12626262 -118.12121184)
5863,14.499925867782963,POINT (34.13636363 -118.12121184)
5864,14.029965702792609,POINT (34.14646464 -118.12121184)
5865,13.560005537802253,POINT (34.15656565 -118.12121184)
5866,13.090045372811897,POINT (34.16666666 -118.12121184)
5867,12.810903823166122,POINT (34.17676767 -118.12121184)
5868,13.63184192480258,POINT (34.18686868 -118.12121184)
5869,16.764700623753747,POINT (34.19696969 -118.12121184)
5943,18.18553956215927,POINT (33.93434343 -118.10606032)
5944,15.946149866872851,POINT (33.94444444 -118.10606032)
5945,16.458303133548437,POINT (33.95454545 -118.10606032)
5946,16.970456400224027,POINT (33.96464646 -118.10606032)
5947,17.88260504617879,POINT (33.97474747 -118.10606032)
5948,18.911716377249014,POINT (33.98484848 -118.10606032)
5949,19.940827708319244,POINT (33.99494949 -118.10606032)
5950,20.94637385582931,POINT (34.0050505 -118.10606032)
5951,21.409784629393087,POINT (34.01515151 -118.10606032)
5952,21.054324217932383,POINT (34.02525252 -118.10606032)
5953,20.503517499588106,POINT (34.03535353 -118.10606032)
5954,19.952710781243834,POINT (34.04545454 -118.10606032)
5955,19.40190406289956,POINT (34.05555555 -118.10606032)
5956,18.851097344555285,POINT (34.06565656 -118.10606032)
5957,18.30029062621101,POINT (34.07575757 -118.10606032)
5958,17.749483907866736,POINT (34.08585858 -118.10606032)
5959,17.198677189522463,POINT (34.09595959 -118.10606032)
5960,16.647870471178187,POINT (34.1060606 -118.10606032)
5961,16.097063752833908,POINT (34.11616161 -118.10606032)
5962,15.61582198589516,POINT (34.12626262 -118.10606032)
5963,15.145861820905136,POINT (34.13636363 -118.10606032)
5964,14.675901655914782,POINT (34.14646464 -118.10606032)
5965,14.205941490924424,POINT (34.15656565 -118.10606032)
5966,13.195197443732413,POINT (34.16666666 -118.10606032)
5967,13.250590437174496,POINT (34.17676767 -118.10606032)
5968,15.347378943168145,POINT (34.18686868 -118.10606032)
6044,16.681589679697208,POINT (33.94444444 -118.0909088)
6045,17.1937429463728,POINT (33.95454545 -118.0909088)
6046,17.760567961253564,POINT (33.96464646 -118.0909088)
6047,18.789679292323797,POINT (33.97474747 -118.0909088)
6048,19.81879062339402,POINT (33.98484848 -118.0909088)
6049,20.84790195446425,POINT (33.99494949 -118.0909088)
6050,21.877013285534478,POINT (34.0050505 -118.0909088)
6051,21.179051677116565,POINT (34.01515151 -118.0909088)
6052,21.047077121704746,POINT (34.02525252 -118.0909088)
6053,20.78765815676033,POINT (34.03535353 -118.0909088)
6054,20.469563039072018,POINT (34.04545454 -118.0909088)
6055,20.116380948465174,POINT (34.05555555 -118.0909088)
6056,19.565574230120898,POINT (34.06565656 -118.0909088)
6057,19.014767511776622,POINT (34.07575757 -118.0909088)
6058,18.46396079343235,POINT (34.08585858 -118.0909088)
6059,17.913154075088073,POINT (34.09595959 -118.0909088)
6060,17.362347356743797,POINT (34.1060606 -118.0909088)
6061,16.81154063839952,POINT (34.11616161 -118.0909088)
6062,16.261757939017336,POINT (34.12626262 -118.0909088)
6063,15.791797774027307,POINT (34.13636363 -118.0909088)
6064,15.321837609036955,POINT (34.14646464 -118.0909088)
6065,14.311670202946946,POINT (34.15656565 -118.0909088)
6066,12.904593032898525,POINT (34.16666666 -118.0909088)
6067,13.93005726258255,POINT (34.17676767 -118.0909088)
6068,19.957410196994445,POINT (34.18686868 -118.0909088)
6144,17.417029492521564,POINT (33.94444444 -118.07575728)
6145,17.929182759197154,POINT (33.95454545 -118.07575728)
6146,18.667642207398572,POINT (33.96464646 -118.07575728)
6147,19.696753538468798,POINT (33.97474747 -118.07575728)
6148,20.725864869539027,POINT (33.98484848 -118.07575728)
6149,21.754976200609253,POINT (33.99494949 -118.07575728)
6150,20.677017444517762,POINT (34.0050505 -118.07575728)
6151,20.117480221311652,POINT (34.01515151 -118.07575728)
6152,19.683561382844385,POINT (34.02525252 -118.07575728)
6153,19.56618339313943,POINT (34.03535353 -118.07575728)
6154,19.596733712248962,POINT (34.04545454 -118.07575728)
6155,19.409164602322775,POINT (34.05555555 -118.07575728)
6156,19.091069484634463,POINT (34.06565656 -118.07575728)
6157,18.77297436694615,POINT (34.07575757 -118.07575728)
6158,18.454879249257836,POINT (34.08585858 -118.07575728)
6159,18.136784131569524,POINT (34.09595959 -118.07575728)
6160,17.818689013881208,POINT (34.1060606 -118.07575728)
6161,17.500593896192896,POINT (34.11616161 -118.07575728)
6162,16.97521080562086,POINT (34.12626262 -118.07575728)
6163,16.43773372714948,POINT (34.13636363 -118.07575728)
6164,15.428142962161479,POINT (34.14646464 -118.07575728)
6165,14.02106579211306,POINT (34.15656565 -118.07575728)
6166,13.22243904846545,POINT (34.16666666 -118.07575728)
6167,18.54008851640885,POINT (34.17676767 -118.07575728)
6244,18.152469305345925,POINT (33.94444444 -118.06060576)
6245,18.664622572021514,POINT (33.95454545 -118.06060576)
6246,19.57471645354358,POINT (33.96464646 -118.06060576)
6247,20.603827784613806,POINT (33.97474747 -118.06060576)
6248,21.63293911568403,POINT (33.98484848 -118.06060576)
6249,20.534081292702606,POINT (33.99494949 -118.06060576)
6250,19.48982760397401,POINT (34.0050505 -118.06060576)
6251,19.055908765506743,POINT (34.01515151 -118.06060576)
6252,18.621989927039472,POINT (34.02525252 -118.06060576)
6253,18.188071088572205,POINT (34.03535353 -118.06060576)
6254,18.085289664574105,POINT (34.04545454 -118.06060576)
6255,18.115839983683642,POINT (34.05555555 -118.06060576)
6256,18.146390302793172,POINT (34.06565656 -118.06060576)
6257,18.03067104788522,POINT (34.07575757 -118.06060576)
6258,17.71257593019691,POINT (34.08585858 -118.06060576)
6259,17.394480812508597,POINT (34.09595959 -118.06060576)
6260,17.07638569482028,POINT (34.1060606 -118.06060576)
6261,16.75829057713197,POINT (34.11616161 -118.06060576)
6262,16.440195459443657,POINT (34.12626262 -118.06060576)
6263,16.122100341755566,POINT (34.13636363 -118.06060576)
6264,14.392569830440191,POINT (34.14646464 -118.06060576)
6265,13.462292481209948,POINT (34.15656565 -118.06060576)
6266,17.122766835823253,POINT (34.16666666 -118.06060576)
6267,23.150119770235154,POINT (34.17676767 -118.06060576)
6344,18.887909118170285,POINT (33.94444444 -118.04545424)
6345,19.452679368618355,POINT (33.95454545 -118.04545424)
6346,20.481790699688585,POINT (33.96464646 -118.04545424)
6347,21.510902030758807,POINT (33.97474747 -118.04545424)
6348,20.391145140887453,POINT (33.98484848 -118.04545424)
6349,19.24325797968169,POINT (33.99494949 -118.04545424)
6350,18.4282561481691,POINT (34.0050505 -118.04545424)
6351,17.99433730970183,POINT (34.01515151 -118.04545424)
6352,17.560418471234563,POINT (34.02525252 -118.04545424)
6353,17.126499632767295,POINT (34.03535353 -118.04545424)
6354,16.69258079430002,POINT (34.04545454 -118.04545424)
6355,16.604395936008785,POINT (34.05555555 -118.04545424)
6356,16.634946255118322,POINT (34.06565656 -118.04545424)
6357,16.665496574227852,POINT (34.07575757 -118.04545424)
6358,16.69604689333739,POINT (34.08585858 -118.04545424)
6359,16.652177493447667,POINT (34.09595959 -118.04545424)
6360,16.33408237575935,POINT (34.1060606 -118.04545424)
6361,16.015987258071043,POINT (34.11616161 -118.04545424)
6362,15.697892140382727,POINT (34.12626262 -118.04545424)
6363,15.233713886080212,POINT (34.13636363 -118.04545424)
6364,13.882082394698926,POINT (34.14646464 -118.04545424)
6365,16.217827267244544,POINT (34.15656565 -118.04545424)
6366,21.732798089649556,POINT (34.16666666 -118.04545424)
6444,19.623348930994638,POINT (33.94444444 -118.03030272)
6445,20.35975361476336,POINT (33.95454545 -118.03030272)
6446,21.38886494583359,POINT (33.96464646 -118.03030272)
6447,20.248208989072296,POINT (33.97474747 -118.03030272)
6448,19.100321827866534,POINT (33.98484848 -118.03030272)
6449,17.952434666660768,POINT (33.99494949 -118.03030272)
6450,17.366684692364192,POINT (34.0050505 -118.03030272)
6451,16.93276585389692,POINT (34.01515151 -118.03030272)
6452,16.49884701542965,POINT (34.02525252 -118.03030272)
6453,16.064928176962383,POINT (34.03535353 -118.03030272)
6454,15.631009338495112,POINT (34.04545454 -118.03030272)
6455,15.197090500027844,POINT (34.05555555 -118.03030272)
6456,15.123502207443469,POINT (34.06565656 -118.03030272)
6457,15.154052526553,POINT (34.07575757 -118.03030272)
6458,15.184602845662535,POINT (34.08585858 -118.03030272)
6459,15.215153164772069,POINT (34.09595959 -118.03030272)
6460,15.245703483881602,POINT (34.1060606 -118.03030272)
6461,15.273683939010114,POINT (34.11616161 -118.03030272)
6462,14.9555888213218,POINT (34.12626262 -118.03030272)
6463,14.301872308187907,POINT (34.13636363 -118.03030272)
6464,16.164661944795014,POINT (34.14646464 -118.03030272)
6465,20.63307130037692,POINT (34.15656565 -118.03030272)
6466,26.342829343475856,POINT (34.16666666 -118.03030272)
6544,20.358788743818995,POINT (33.94444444 -118.0151512)
6545,21.253159998462902,POINT (33.95454545 -118.0151512)
6546,20.10527283725714,POINT (33.96464646 -118.0151512)
6547,18.957385676051377,POINT (33.97474747 -118.0151512)
6548,17.809498514845615,POINT (33.98484848 -118.0151512)
6549,16.73903207502655,POINT (33.99494949 -118.0151512)
6550,16.30511323655928,POINT (34.0050505 -118.0151512)
6551,15.871194398092008,POINT (34.01515151 -118.0151512)
6552,15.43727555962474,POINT (34.02525252 -118.0151512)
6553,15.003356721157472,POINT (34.03535353 -118.0151512)
6554,14.569437882690202,POINT (34.04545454 -118.0151512)
6555,14.135519044222933,POINT (34.05555555 -118.0151512)
6556,13.701600205755664,POINT (34.06565656 -118.0151512)
6557,13.642608478878145,POINT (34.07575757 -118.0151512)
6558,13.67315879798768,POINT (34.08585858 -118.0151512)
6559,13.703709117097215,POINT (34.09595959 -118.0151512)
6560,13.734259436206749,POINT (34.1060606 -118.0151512)
6561,13.764809755316284,POINT (34.11616161 -118.0151512)
6562,13.795360074425817,POINT (34.12626262 -118.0151512)
6563,16.07843878354581,POINT (34.13636363 -118.0151512)
6564,20.579905977927393,POINT (34.14646464 -118.0151512)
6565,25.0483153335093,POINT (34.15656565 -118.0151512)
6644,21.110223846647745,POINT (33.94444444 -117.99999968)
6645,19.962336685441983,POINT (33.95454545 -117.99999968)
6646,18.81444952423622,POINT (33.96464646 -117.99999968)
6647,17.666562363030458,POINT (33.97474747 -117.99999968)
6648,16.518675201824696,POINT (33.98484848 -117.99999968)
6649,15.677460619221637,POINT (33.99494949 -117.99999968)
6650,15.243541780754368,POINT (34.0050505 -117.99999968)
6651,14.809622942287099,POINT (34.01515151 -117.99999968)
6652,14.375704103819832,POINT (34.02525252 -117.99999968)
6653,13.94178526535256,POINT (34.03535353 -117.99999968)
6654,13.50786642688529,POINT (34.04545454 -117.99999968)
6655,13.073947588418022,POINT (34.05555555 -117.99999968)
6656,12.640028749950751,POINT (34.06565656 -117.99999968)
6657,12.206109911483484,POINT (34.07575757 -117.99999968)
6658,12.161714750312827,POINT (34.08585858 -117.99999968)
6659,12.19226506942236,POINT (34.09595959 -117.99999968)
6660,12.222815388531895,POINT (34.1060606 -117.99999968)
6661,12.253365707641429,POINT (34.11616161 -117.99999968)
6662,15.328761903888338,POINT (34.12626262 -117.99999968)
6663,20.0370186820211,POINT (34.13636363 -117.99999968)
6664,24.745275460157178,POINT (34.14646464 -117.99999968)
6745,18.671513372421067,POINT (33.95454545 -117.98484816)
6746,17.5236262112153,POINT (33.96464646 -117.98484816)
6747,16.37573905000954,POINT (33.97474747 -117.98484816)
6748,15.227851888803777,POINT (33.98484848 -117.98484816)
6749,14.615889163416727,POINT (33.99494949 -117.98484816)
6750,14.181970324949456,POINT (34.0050505 -117.98484816)
6751,13.748051486482188,POINT (34.01515151 -117.98484816)
6752,13.314132648014919,POINT (34.02525252 -117.98484816)
6753,12.88021380954765,POINT (34.03535353 -117.98484816)
6754,12.44629497108038,POINT (34.04545454 -117.98484816)
6755,12.01237613261311,POINT (34.05555555 -117.98484816)
6756,11.578457294145842,POINT (34.06565656 -117.98484816)
6757,11.144538455678573,POINT (34.07575757 -117.98484816)
6758,10.710619617211302,POINT (34.08585858 -117.98484816)
6759,10.680821021747507,POINT (34.09595959 -117.98484816)
6760,10.71137134085704,POINT (34.1060606 -117.98484816)
6761,14.579085024227554,POINT (34.11616161 -117.98484816)
6762,19.961666076817572,POINT (34.12626262 -117.98484816)
6847,15.08491573698862,POINT (33.97474747 -117.96969664)
6848,13.988236546079085,POINT (33.98484848 -117.96969664)
6849,13.554317707611816,POINT (33.99494949 -117.96969664)
6850,13.120398869144548,POINT (34.0050505 -117.96969664)
6851,12.686480030677277,POINT (34.01515151 -117.96969664)
6852,12.25256119221001,POINT (34.02525252 -117.96969664)
6853,11.818642353742739,POINT (34.03535353 -117.96969664)
6854,11.384723515275468,POINT (34.04545454 -117.96969664)
6855,10.9508046768082,POINT (34.05555555 -117.96969664)
6856,10.516885838340931,POINT (34.06565656 -117.96969664)
6857,10.082966999873662,POINT (34.07575757 -117.96969664)
6858,9.649048161406391,POINT (34.08585858 -117.96969664)
6859,9.48821681553506,POINT (34.09595959 -117.96969664)
6860,20.02008900564631,POINT (34.1060606 -117.96969664)
6948,12.926665090274174,POINT (33.98484848 -117.95454512)
6949,12.661724595774903,POINT (33.99494949 -117.95454512)
6950,12.432513249046604,POINT (34.0050505 -117.95454512)
6951,12.203301902318305,POINT (34.01515151 -117.95454512)
6952,11.974090555590006,POINT (34.02525252 -117.95454512)
6953,11.744879208861708,POINT (34.03535353 -117.95454512)
6954,11.51566786213341,POINT (34.04545454 -117.95454512)
6955,11.286456515405112,POINT (34.05555555 -117.95454512)
6956,11.057245168676813,POINT (34.06565656 -117.95454512)
6957,10.828033821948516,POINT (34.07575757 -117.95454512)
6958,20.07851193447504,POINT (34.08585858 -117.95454512)
7049,13.73992207226678,POINT (33.99494949 -117.9393936)
7050,13.51071072553848,POINT (34.0050505 -117.9393936)
7051,13.281499378810182,POINT (34.01515151 -117.9393936)
7052,13.052288032081883,POINT (34.02525252 -117.9393936)
7053,12.823076685353586,POINT (34.03535353 -117.9393936)
7054,12.593865338625285,POINT (34.04545454 -117.9393936)
7055,12.364653991896988,POINT (34.05555555 -117.9393936)
7151,14.359696855302058,POINT (34.01515151 -117.92424208)
7152,14.13048550857376,POINT (34.02525252 -117.92424208)
7153,13.901274161845462,POINT (34.03535353 -117.92424208)
