created_at,PM1.0_CF1_ug/m3,PM2.5_CF1_ug/m3,PM10.0_CF1_ug/m3,UptimeMinutes,RSSI_dbm,Temperature_F,Humidity_%,PM2.5_ATM_ug/m3,
2019-01-01 00:00:00 UTC,8.93,11.94,12.78,9236.36,-59.61,60.56,17.57,11.51,
2019-01-02 00:00:00 UTC,13.00,17.10,18.17,10674.38,-58.46,58.79,23.77,15.79,
2019-01-03 00:00:00 UTC,6.83,8.83,9.44,5176.26,-65.62,61.32,26.96,8.82,
2019-01-04 00:00:00 UTC,12.35,16.70,17.85,1367.68,-63.63,62.35,30.51,16.55,
2019-01-05 00:00:00 UTC,26.61,36.88,39.31,840.67,-65.81,61.25,41.68,34.37,
2019-01-06 00:00:00 UTC,9.14,12.02,12.69,2280.89,-66.59,62.11,54.06,11.51,
2019-01-07 00:00:00 UTC,6.12,8.51,9.31,3720.46,-67.84,63.74,53.57,8.46,
2019-01-08 00:00:00 UTC,7.47,9.98,10.66,1350.61,-65.60,66.17,49.46,9.95,
2019-01-09 00:00:00 UTC,10.64,14.07,14.85,664.38,-64.42,67.05,43.99,13.69,
2019-01-10 00:00:00 UTC,25.53,38.97,42.29,766.55,-65.69,65.13,51.12,34.21,
2019-01-11 00:00:00 UTC,28.44,44.32,48.47,2207.33,-65.12,64.78,54.24,36.34,
2019-01-12 00:00:00 UTC,15.60,24.51,26.89,3647.15,-66.48,63.63,57.16,20.82,
2019-01-13 00:00:00 UTC,10.91,14.08,14.84,5086.99,-58.51,60.62,51.96,13.72,
2019-01-14 00:00:00 UTC,8.64,11.20,11.77,1265.99,-58.83,62.25,51.99,11.07,
2019-01-15 00:00:00 UTC,4.75,6.45,6.87,1978.02,-57.64,61.88,61.24,6.45,
2019-01-16 00:00:00 UTC,1.39,1.90,2.06,3418.14,-56.77,62.87,67.28,1.90,
2019-01-17 00:00:00 UTC,4.12,5.79,6.16,4857.68,-55.24,67.33,69.59,5.73,
2019-01-18 00:00:00 UTC,8.48,12.97,14.38,6298.00,-54.67,66.69,61.16,12.97,
2019-01-19 00:00:00 UTC,11.32,15.60,16.84,7738.01,-53.54,68.51,50.37,15.58,
2019-01-20 00:00:00 UTC,6.36,8.23,8.70,2569.79,-54.60,71.21,42.36,8.21,
2019-01-21 00:00:00 UTC,2.97,4.25,4.76,1799.46,-55.09,68.45,45.25,4.25,
2019-01-22 00:00:00 UTC,3.54,4.56,4.96,859.73,-57.51,63.16,33.07,4.56,
2019-01-23 00:00:00 UTC,6.60,8.66,9.29,1978.77,-59.44,64.09,29.87,8.64,
2019-01-24 00:00:00 UTC,8.99,11.94,12.76,3418.79,-60.28,67.51,31.40,11.91,
2019-01-25 00:00:00 UTC,3.25,4.62,5.10,4858.73,-63.86,70.02,26.42,4.50,
2019-01-26 00:00:00 UTC,5.99,7.99,8.60,6298.62,-62.51,70.46,27.97,7.95,
2019-01-27 00:00:00 UTC,10.66,14.15,15.09,7738.77,-59.87,1988482.46,28.38,13.96,
2019-01-28 00:00:00 UTC,14.26,20.09,21.57,9179.00,-61.61,69.29,33.22,19.40,
2019-01-29 00:00:00 UTC,44.07,65.00,70.48,9208.51,-61.16,72.33,40.71,48.38,
2019-01-30 00:00:00 UTC,25.94,38.09,40.49,445.28,-58.01,69.98,50.98,34.55,
2019-01-31 00:00:00 UTC,27.97,47.19,52.85,397.44,-55.88,65.01,58.74,38.91,
2019-02-01 00:00:00 UTC,9.97,13.67,14.45,1658.00,-55.60,63.08,53.76,13.15,
2019-02-02 00:00:00 UTC,5.42,7.25,7.69,3098.00,-56.39,63.87,61.51,7.12,
2019-02-03 00:00:00 UTC,6.54,8.80,9.41,836.40,-57.25,60.74,66.63,8.75,
2019-02-04 00:00:00 UTC,4.34,5.95,6.48,1686.00,-55.68,61.69,66.55,5.87,
2019-02-05 00:00:00 UTC,2.81,3.98,4.38,3047.99,-58.16,59.43,61.23,3.97,
2019-02-06 00:00:00 UTC,1.95,2.82,3.16,468.77,-58.01,56.97,40.44,2.45,
2019-02-07 00:00:00 UTC,4.45,5.75,6.12,1082.00,-56.99,58.53,35.64,5.75,
2019-02-08 00:00:00 UTC,6.45,8.90,9.57,1109.86,-57.37,61.99,33.02,8.89,
2019-02-09 00:00:00 UTC,13.25,18.50,19.79,683.91,-57.55,61.62,44.65,17.71,
2019-02-10 00:00:00 UTC,8.81,11.39,12.07,2059.76,-59.86,60.18,53.32,11.39,
2019-02-11 00:00:00 UTC,3.91,5.14,5.56,2447.09,-59.76,58.31,47.05,5.14,
2019-02-12 00:00:00 UTC,3.85,5.04,5.40,1114.00,-62.50,62.97,29.92,5.04,
2019-02-13 00:00:00 UTC,5.66,7.24,7.74,2554.00,-61.77,65.19,31.39,7.17,
2019-02-14 00:00:00 UTC,1.11,1.72,1.97,3994.00,-58.64,63.70,67.52,1.72,
2019-02-15 00:00:00 UTC,3.21,4.63,5.21,5434.91,-61.41,62.60,57.04,4.63,
2019-02-16 00:00:00 UTC,2.85,4.01,4.41,6873.72,-67.31,62.02,52.94,4.01,
2019-02-17 00:00:00 UTC,3.47,4.84,5.38,8313.62,-65.78,59.50,46.79,4.84,
2019-02-18 00:00:00 UTC,2.35,3.18,3.45,3532.24,-63.32,57.94,44.00,3.18,
2019-02-19 00:00:00 UTC,5.88,7.44,7.91,677.04,-58.50,57.66,34.86,7.44,
2019-02-20 00:00:00 UTC,8.19,10.72,11.29,873.43,-57.92,57.24,40.50,10.72,
2019-02-21 00:00:00 UTC,7.69,9.95,10.48,1524.67,-58.73,57.79,52.44,9.95,
2019-02-22 00:00:00 UTC,7.85,10.09,10.74,636.99,-59.64,56.52,43.45,10.09,
2019-02-23 00:00:00 UTC,5.66,7.33,7.76,1401.06,-58.90,61.44,30.81,7.33,
2019-02-24 00:00:00 UTC,13.49,17.89,18.83,1013.45,-60.34,65.07,33.65,17.84,
2019-02-25 00:00:00 UTC,14.48,19.65,20.92,1752.67,-57.44,66.70,35.20,19.59,
2019-02-26 00:00:00 UTC,21.13,29.03,30.83,916.62,-57.52,66.84,42.64,26.12,
2019-02-27 00:00:00 UTC,19.01,29.21,31.70,712.31,-61.17,68.33,43.70,27.76,
2019-02-28 00:00:00 UTC,17.44,28.47,31.56,708.94,-62.23,70.00,49.43,26.12,
2019-03-01 00:00:00 UTC,18.29,32.61,36.40,2046.00,-61.89,71.47,51.62,29.90,
2019-03-02 00:00:00 UTC,8.37,13.17,14.51,3486.16,-62.31,68.43,58.02,13.15,
2019-03-03 00:00:00 UTC,5.34,8.52,9.51,4927.12,-66.42,69.00,60.02,8.51,
2019-03-04 00:00:00 UTC,3.96,5.63,6.06,6366.00,-64.53,68.83,50.08,5.63,
2019-03-05 00:00:00 UTC,10.79,15.46,16.56,1586.23,-62.97,67.83,46.41,15.27,
2019-03-06 00:00:00 UTC,6.13,8.75,9.40,1922.36,-62.13,67.57,54.03,8.59,
2019-03-07 00:00:00 UTC,7.19,11.28,12.42,3361.92,-62.19,67.99,57.94,11.28,
2019-03-08 00:00:00 UTC,0.95,1.53,1.82,4802.00,-63.38,64.93,43.89,1.53,
2019-03-09 00:00:00 UTC,2.17,3.24,3.74,2150.00,-60.40,64.73,42.41,3.23,
2019-03-10 00:00:00 UTC,4.98,6.70,7.23,1291.80,-61.34,64.21,41.93,6.70
2019-03-11 00:00:00 UTC,6.68,8.92,9.54,990.72,-63.44,1994013.83,44.16,8.92,
2019-03-11 00:00:00 UTC,6.68,8.92,9.54,990.72,-63.44,1994013.83,44.16,8.92
2019-03-12 00:00:00 UTC,5.60,7.57,8.10,2429.37,-64.31,70.37,40.79,7.55,
2019-03-12 00:00:00 UTC,5.60,7.57,8.10,2429.37,-64.31,70.37,40.79,7.55
2019-03-13 00:00:00 UTC,3.24,5.73,7.11,3869.56,-63.06,69.43,43.11,5.73,
2019-03-13 00:00:00 UTC,3.24,5.73,7.11,3869.56,-63.06,69.43,43.11,5.73
2019-03-14 00:00:00 UTC,2.72,3.95,4.46,5310.52,-61.94,69.14,32.00,3.95,
2019-03-14 00:00:00 UTC,2.72,3.95,4.46,5310.52,-61.94,69.14,32.00,3.95
2019-03-15 00:00:00 UTC,2.00,2.79,3.09,1153.17,-62.54,71.08,23.14,2.79,
2019-03-15 00:00:00 UTC,2.00,2.79,3.09,1153.17,-62.54,71.08,23.14,2.79
2019-03-16 00:00:00 UTC,2.36,3.18,3.51,1858.13,-61.64,73.87,20.00,3.16,
2019-03-16 00:00:00 UTC,2.36,3.18,3.51,1858.13,-61.64,73.87,20.00,3.16
2019-03-17 00:00:00 UTC,4.91,6.89,7.68,400.80,-71.45,81.44,24.63,6.70,
2019-03-17 00:00:00 UTC,4.91,6.89,7.68,400.80,-71.45,81.44,24.63,6.70
2019-03-18 00:00:00 UTC,10.61,13.66,14.37,1520.64,-70.01,79.44,31.24,13.66,
2019-03-18 00:00:00 UTC,10.61,13.66,14.37,1520.64,-70.01,79.44,31.24,13.66
2019-03-19 00:00:00 UTC,16.98,23.37,24.59,2685.95,-68.22,74.37,41.27,22.38,
2019-03-19 00:00:00 UTC,16.98,23.37,24.59,2685.95,-68.22,74.37,41.27,22.38
2019-03-20 00:00:00 UTC,7.35,9.31,9.79,830.03,-70.14,69.40,49.43,9.31,
2019-03-20 00:00:00 UTC,7.35,9.31,9.79,830.03,-70.14,69.40,49.43,9.31
2019-03-21 00:00:00 UTC,2.14,2.99,3.31,1965.00,-72.17,65.28,50.27,2.99,
2019-03-21 00:00:00 UTC,2.14,2.99,3.31,1965.00,-72.17,65.28,50.27,2.99
2019-03-22 00:00:00 UTC,6.40,8.77,9.43,408.20,-66.69,2008939.15,46.08,8.77,
2019-03-22 00:00:00 UTC,6.40,8.77,9.43,408.20,-66.69,2008939.15,46.08,8.77
2019-03-23 00:00:00 UTC,8.21,11.23,11.95,720.26,-67.33,68.58,45.67,11.23,
2019-03-23 00:00:00 UTC,8.21,11.23,11.95,720.26,-67.33,68.58,45.67,11.23
2019-03-24 00:00:00 UTC,6.82,9.71,10.30,934.00,-68.53,72.13,42.70,9.71,
2019-03-24 00:00:00 UTC,6.82,9.71,10.30,934.00,-68.53,72.13,42.70,9.71
2019-03-25 00:00:00 UTC,14.27,21.28,22.90,2373.46,-67.24,73.99,39.29,20.80,
2019-03-25 00:00:00 UTC,14.27,21.28,22.90,2373.46,-67.24,73.99,39.29,20.80
2019-03-26 00:00:00 UTC,12.77,18.99,20.60,3814.00,-64.64,72.43,38.41,18.81,
2019-03-26 00:00:00 UTC,12.77,18.99,20.60,3814.00,-64.64,72.43,38.41,18.81
2019-03-27 00:00:00 UTC,9.35,14.92,16.50,5254.09,-63.73,72.58,42.04,14.83,
2019-03-27 00:00:00 UTC,9.35,14.92,16.50,5254.09,-63.73,72.58,42.04,14.83
2019-03-28 00:00:00 UTC,3.37,5.29,5.81,6691.74,-62.87,73.28,46.76,5.29,
2019-03-28 00:00:00 UTC,3.37,5.29,5.81,6691.74,-62.87,73.28,46.76,5.29
2019-03-29 00:00:00 UTC,2.48,3.65,4.11,8132.52,-61.77,71.47,37.85,3.65,
2019-03-29 00:00:00 UTC,2.48,3.65,4.11,8132.52,-61.77,71.47,37.85,3.65
2019-03-30 00:00:00 UTC,5.08,7.04,7.65,9572.68,-63.56,75.46,32.01,7.04,
2019-03-30 00:00:00 UTC,5.08,7.04,7.65,9572.68,-63.56,75.46,32.01,7.04
2019-03-31 00:00:00 UTC,6.70,8.68,9.22,11013.47,-63.59,79.86,24.91,8.64,
2019-03-31 00:00:00 UTC,6.70,8.68,9.22,11013.47,-63.59,79.86,24.91,8.64
2019-04-01 00:00:00 UTC,6.44,8.38,8.90,12452.70,-64.99,81.46,22.91,8.18,
2019-04-01 00:00:00 UTC,6.44,8.38,8.90,12452.70,-64.99,81.46,22.91,8.18
2019-04-02 00:00:00 UTC,7.67,9.89,10.52,13893.00,-66.82,77.46,32.22,9.88,
2019-04-02 00:00:00 UTC,7.67,9.89,10.52,13893.00,-66.82,77.46,32.22,9.88
2019-04-03 00:00:00 UTC,4.07,5.57,6.06,15333.11,-68.06,71.36,43.36,5.57,
2019-04-03 00:00:00 UTC,4.07,5.57,6.06,15333.11,-68.06,71.36,43.36,5.57
2019-04-04 00:00:00 UTC,4.06,5.96,6.54,3452.48,-71.98,71.00,45.45,5.96,
2019-04-04 00:00:00 UTC,4.06,5.96,6.54,3452.48,-71.98,71.00,45.45,5.96
2019-04-05 00:00:00 UTC,1.69,2.38,2.62,1895.44,-66.47,72.24,40.40,2.38,
2019-04-05 00:00:00 UTC,1.69,2.38,2.62,1895.44,-66.47,72.24,40.40,2.38
2019-04-06 00:00:00 UTC,3.88,5.46,5.93,3336.11,-66.46,73.18,44.70,5.43,
2019-04-06 00:00:00 UTC,3.88,5.46,5.93,3336.11,-66.46,73.18,44.70,5.43
2019-04-07 00:00:00 UTC,5.69,7.52,8.03,4776.60,-65.05,77.18,40.70,7.52,
2019-04-07 00:00:00 UTC,5.69,7.52,8.03,4776.60,-65.05,77.18,40.70,7.52
2019-04-08 00:00:00 UTC,6.32,7.99,8.50,6215.07,-68.02,83.67,34.59,7.99,
2019-04-08 00:00:00 UTC,6.32,7.99,8.50,6215.07,-68.02,83.67,34.59,7.99
2019-04-09 00:00:00 UTC,6.10,8.35,9.13,7655.67,-68.26,81.72,37.75,8.35,
2019-04-09 00:00:00 UTC,6.10,8.35,9.13,7655.67,-68.26,81.72,37.75,8.35
2019-04-10 00:00:00 UTC,0.25,0.33,0.47,9095.67,-70.84,78.68,16.68,0.33,
2019-04-10 00:00:00 UTC,0.25,0.33,0.47,9095.67,-70.84,78.68,16.68,0.33
2019-04-11 00:00:00 UTC,2.31,3.20,3.57,10535.67,-65.00,76.61,24.51,3.20,
2019-04-11 00:00:00 UTC,2.31,3.20,3.57,10535.67,-65.00,76.61,24.51,3.20
2019-04-12 00:00:00 UTC,3.08,4.75,5.52,11975.73,-63.01,74.49,37.69,4.75,
2019-04-12 00:00:00 UTC,3.08,4.75,5.52,11975.73,-63.01,74.49,37.69,4.75
2019-04-13 00:00:00 UTC,2.78,3.89,4.33,6006.74,-63.13,1988488.08,29.79,3.89,
2019-04-13 00:00:00 UTC,2.78,3.89,4.33,6006.74,-63.13,1988488.08,29.79,3.89
2019-04-14 00:00:00 UTC,3.86,5.45,6.09,1519.22,-61.16,78.32,32.44,5.45,
2019-04-14 00:00:00 UTC,3.86,5.45,6.09,1519.22,-61.16,78.32,32.44,5.45
2019-04-15 00:00:00 UTC,11.55,18.42,20.65,2959.16,-61.94,74.85,37.35,17.93,
2019-04-15 00:00:00 UTC,11.55,18.42,20.65,2959.16,-61.94,74.85,37.35,17.93
2019-04-16 00:00:00 UTC,3.55,4.99,5.56,4399.33,-61.10,71.32,43.23,4.99,
2019-04-16 00:00:00 UTC,3.55,4.99,5.56,4399.33,-61.10,71.32,43.23,4.99
2019-04-17 00:00:00 UTC,2.93,4.37,4.87,5839.09,-61.81,73.92,42.25,4.37,
2019-04-17 00:00:00 UTC,2.93,4.37,4.87,5839.09,-61.81,73.92,42.25,4.37
2019-04-18 00:00:00 UTC,4.96,6.57,7.15,7279.33,-64.23,79.94,36.50,6.57,
2019-04-18 00:00:00 UTC,4.96,6.57,7.15,7279.33,-64.23,79.94,36.50,6.57
2019-04-19 00:00:00 UTC,16.94,27.19,30.34,4043.70,-64.92,80.78,39.34,24.00,
2019-04-19 00:00:00 UTC,16.94,27.19,30.34,4043.70,-64.92,80.78,39.34,24.00
2019-04-20 00:00:00 UTC,11.68,17.86,19.82,1150.88,-65.57,72.75,44.49,17.78,
2019-04-20 00:00:00 UTC,11.68,17.86,19.82,1150.88,-65.57,72.75,44.49,17.78
2019-04-21 00:00:00 UTC,7.10,9.91,10.66,2590.00,-63.04,72.87,43.85,9.90,
2019-04-21 00:00:00 UTC,7.10,9.91,10.66,2590.00,-63.04,72.87,43.85,9.90
2019-04-22 00:00:00 UTC,7.13,10.58,11.86,4030.00,-64.54,74.93,38.23,10.39,
2019-04-22 00:00:00 UTC,7.13,10.58,11.86,4030.00,-64.54,74.93,38.23,10.39
2019-04-23 00:00:00 UTC,6.26,9.59,10.87,2381.89,-68.28,81.71,38.03,9.51,
2019-04-23 00:00:00 UTC,6.26,9.59,10.87,2381.89,-68.28,81.71,38.03,9.51
2019-04-24 00:00:00 UTC,7.87,12.27,13.84,697.22,-67.77,83.56,38.25,12.18,
2019-04-24 00:00:00 UTC,7.87,12.27,13.84,697.22,-67.77,83.56,38.25,12.18
2019-04-25 00:00:00 UTC,10.40,17.27,19.67,2122.00,-70.92,81.73,40.91,17.10,
2019-04-25 00:00:00 UTC,10.40,17.27,19.67,2122.00,-70.92,81.73,40.91,17.10
2019-04-26 00:00:00 UTC,11.60,19.58,22.24,2638.98,-51.70,79.97,42.22,19.51,
2019-04-26 00:00:00 UTC,11.60,19.58,22.24,2638.98,-51.70,79.97,42.22,19.51
2019-04-27 00:00:00 UTC,12.40,21.29,24.24,1057.25,-52.46,74.80,46.14,21.26,
2019-04-27 00:00:00 UTC,12.40,21.29,24.24,1057.25,-52.46,74.80,46.14,21.26
2019-04-28 00:00:00 UTC,12.43,21.26,24.36,2495.49,-54.19,75.39,46.93,21.24,
2019-04-28 00:00:00 UTC,12.43,21.26,24.36,2495.49,-54.19,75.39,46.93,21.24
2019-04-29 00:00:00 UTC,2.32,3.49,3.91,3936.67,-53.42,72.89,48.54,3.49,
2019-04-29 00:00:00 UTC,2.32,3.49,3.91,3936.67,-53.42,72.89,48.54,3.49
2019-04-30 00:00:00 UTC,2.56,3.95,4.44,1353.88,-53.56,57.93,37.63,3.95,
2019-04-30 00:00:00 UTC,2.56,3.95,4.44,1353.88,-53.56,57.93,37.63,3.95
2019-05-01 00:00:00 UTC,2.45,3.63,4.13,1538.84,-53.78,74.27,39.50,3.63,
2019-05-01 00:00:00 UTC,2.45,3.63,4.13,1538.84,-53.78,74.27,39.50,3.63
2019-05-02 00:00:00 UTC,5.08,7.53,8.35,2500.12,-49.68,74.61,43.25,7.53,
2019-05-02 00:00:00 UTC,5.08,7.53,8.35,2500.12,-49.68,74.61,43.25,7.53
2019-05-03 00:00:00 UTC,9.63,14.81,16.30,914.99,-49.28,77.51,42.57,14.81,
2019-05-03 00:00:00 UTC,9.63,14.81,16.30,914.99,-49.28,77.51,42.57,14.81
2019-05-04 00:00:00 UTC,9.48,14.53,16.12,2355.33,-50.23,78.21,41.47,14.53,
2019-05-04 00:00:00 UTC,9.48,14.53,16.12,2355.33,-50.23,78.21,41.47,14.53
2019-05-05 00:00:00 UTC,7.52,11.58,12.91,2754.49,-49.47,76.67,42.27,11.58,
2019-05-05 00:00:00 UTC,7.52,11.58,12.91,2754.49,-49.47,76.67,42.27,11.58
2019-05-06 00:00:00 UTC,2.86,4.31,4.80,458.89,-53.95,74.63,41.78,4.31,
2019-05-06 00:00:00 UTC,2.86,4.31,4.80,458.89,-53.95,74.63,41.78,4.31
2019-05-07 00:00:00 UTC,1.37,2.13,2.42,908.24,-54.91,71.79,46.70,2.13,
2019-05-07 00:00:00 UTC,1.37,2.13,2.42,908.24,-54.91,71.79,46.70,2.13
2019-05-08 00:00:00 UTC,2.37,3.45,3.80,2160.96,-55.35,72.11,45.21,3.44,
2019-05-08 00:00:00 UTC,2.37,3.45,3.80,2160.96,-55.35,72.11,45.21,3.44
2019-05-09 00:00:00 UTC,5.21,7.75,8.64,628.34,-54.57,72.82,46.72,7.75,
2019-05-09 00:00:00 UTC,5.21,7.75,8.64,628.34,-54.57,72.82,46.72,7.75
2019-05-10 00:00:00 UTC,0.63,1.08,1.26,916.10,-54.38,72.62,48.02,1.07,
2019-05-10 00:00:00 UTC,0.63,1.08,1.26,916.10,-54.38,72.62,48.02,1.07
2019-05-11 00:00:00 UTC,4.29,5.92,6.46,845.25,-56.30,76.21,46.01,5.91,
2019-05-11 00:00:00 UTC,4.29,5.92,6.46,845.25,-56.30,76.21,46.01,5.91
2019-05-12 00:00:00 UTC,4.35,5.88,6.35,539.52,-54.69,78.44,44.23,5.87,
2019-05-12 00:00:00 UTC,4.35,5.88,6.35,539.52,-54.69,78.44,44.23,5.87
2019-05-13 00:00:00 UTC,6.72,10.02,11.06,1661.20,-54.62,77.30,48.36,10.02,
2019-05-13 00:00:00 UTC,6.72,10.02,11.06,1661.20,-54.62,77.30,48.36,10.02
2019-05-14 00:00:00 UTC,11.56,19.31,22.02,3100.85,-54.13,79.49,45.82,19.30,
2019-05-14 00:00:00 UTC,11.56,19.31,22.02,3100.85,-54.13,79.49,45.82,19.30
2019-05-15 00:00:00 UTC,10.08,16.77,19.27,2196.38,-54.43,76.55,47.47,16.77,
2019-05-15 00:00:00 UTC,10.08,16.77,19.27,2196.38,-54.43,76.55,47.47,16.77
2019-05-16 00:00:00 UTC,1.88,2.78,3.09,1462.84,-55.20,72.87,49.54,2.78,
2019-05-16 00:00:00 UTC,1.88,2.78,3.09,1462.84,-55.20,72.87,49.54,2.78
2019-05-17 00:00:00 UTC,1.23,2.09,2.48,2900.00,-54.73,73.45,41.54,2.09,
2019-05-17 00:00:00 UTC,1.23,2.09,2.48,2900.00,-54.73,73.45,41.54,2.09
2019-05-18 00:00:00 UTC,1.72,2.65,3.05,1974.39,-54.33,75.37,36.27,2.65,
2019-05-18 00:00:00 UTC,1.72,2.65,3.05,1974.39,-54.33,75.37,36.27,2.65
2019-05-19 00:00:00 UTC,1.73,2.58,2.91,873.35,-54.38,71.35,46.90,2.58,
2019-05-19 00:00:00 UTC,1.73,2.58,2.91,873.35,-54.38,71.35,46.90,2.58
2019-05-20 00:00:00 UTC,0.44,0.94,1.20,1261.44,-54.58,71.70,43.26,0.94,
2019-05-20 00:00:00 UTC,0.44,0.94,1.20,1261.44,-54.58,71.70,43.26,0.94
2019-05-21 00:00:00 UTC,0.65,1.18,1.44,2702.00,-56.20,72.09,43.33,1.18,
2019-05-21 00:00:00 UTC,0.65,1.18,1.44,2702.00,-56.20,72.09,43.33,1.18
2019-05-22 00:00:00 UTC,0.88,1.61,1.98,3960.26,-55.06,70.31,45.37,1.61,
2019-05-22 00:00:00 UTC,0.88,1.61,1.98,3960.26,-55.06,70.31,45.37,1.61
2019-05-23 00:00:00 UTC,2.82,3.96,4.36,773.70,-51.39,67.00,50.22,3.96,
2019-05-23 00:00:00 UTC,2.82,3.96,4.36,773.70,-51.39,67.00,50.22,3.96
2019-05-24 00:00:00 UTC,3.59,4.91,5.40,2211.75,-51.12,72.61,46.54,4.87,
2019-05-24 00:00:00 UTC,3.59,4.91,5.40,2211.75,-51.12,72.61,46.54,4.87
2019-05-25 00:00:00 UTC,3.81,5.35,5.84,844.37,-50.78,75.93,40.61,5.35,
2019-05-25 00:00:00 UTC,3.81,5.35,5.84,844.37,-50.78,75.93,40.61,5.35
2019-05-26 00:00:00 UTC,2.70,3.98,4.43,2044.67,-50.81,70.72,48.67,3.98,
2019-05-26 00:00:00 UTC,2.70,3.98,4.43,2044.67,-50.81,70.72,48.67,3.98
2019-05-27 00:00:00 UTC,1.66,2.57,2.91,1295.94,-50.77,68.61,49.40,2.57,
2019-05-27 00:00:00 UTC,1.66,2.57,2.91,1295.94,-50.77,68.61,49.40,2.57
2019-05-28 00:00:00 UTC,2.38,3.37,3.74,1696.67,-51.01,73.87,38.68,3.37,
2019-05-28 00:00:00 UTC,2.38,3.37,3.74,1696.67,-51.01,73.87,38.68,3.37
2019-05-29 00:00:00 UTC,3.67,5.04,5.50,735.07,-51.50,78.64,38.78,5.04,
2019-05-29 00:00:00 UTC,3.67,5.04,5.50,735.07,-51.50,78.64,38.78,5.04
2019-05-30 00:00:00 UTC,7.56,12.13,13.65,2135.99,-51.80,80.09,41.34,12.13,
2019-05-30 00:00:00 UTC,7.56,12.13,13.65,2135.99,-51.80,80.09,41.34,12.13
2019-05-31 00:00:00 UTC,10.33,17.32,19.72,2473.22,-52.04,78.06,44.50,17.31,
2019-05-31 00:00:00 UTC,10.33,17.32,19.72,2473.22,-52.04,78.06,44.50,17.31
2019-06-01 00:00:00 UTC,7.14,11.33,12.76,1236.63,-52.39,76.24,46.52,11.33,
2019-06-01 00:00:00 UTC,7.14,11.33,12.76,1236.63,-52.39,76.24,46.52,11.33
2019-06-02 00:00:00 UTC,6.71,10.41,11.66,2677.00,-49.58,75.45,46.42,10.41,
2019-06-02 00:00:00 UTC,6.71,10.41,11.66,2677.00,-49.58,75.45,46.42,10.41
2019-06-03 00:00:00 UTC,5.73,8.85,9.85,3350.83,-49.83,76.18,45.15,8.85,
2019-06-03 00:00:00 UTC,5.73,8.85,9.85,3350.83,-49.83,76.18,45.15,8.85
2019-06-04 00:00:00 UTC,11.63,20.40,23.53,898.01,-48.85,78.72,45.26,20.37,
2019-06-04 00:00:00 UTC,11.63,20.40,23.53,898.01,-48.85,78.72,45.26,20.37
2019-06-05 00:00:00 UTC,10.91,19.42,22.63,2338.04,-49.20,81.47,45.37,19.34,
2019-06-05 00:00:00 UTC,10.91,19.42,22.63,2338.04,-49.20,81.47,45.37,19.34
2019-06-06 00:00:00 UTC,8.02,13.96,16.17,3057.21,-50.41,80.65,47.59,13.96,
2019-06-06 00:00:00 UTC,8.02,13.96,16.17,3057.21,-50.41,80.65,47.59,13.96
2019-06-07 00:00:00 UTC,7.00,11.12,12.51,892.78,-50.06,80.96,45.88,11.12,
2019-06-07 00:00:00 UTC,7.00,11.12,12.51,892.78,-50.06,80.96,45.88,11.12
2019-06-08 00:00:00 UTC,8.87,14.51,16.42,2332.40,-50.13,82.88,42.46,14.51,
2019-06-08 00:00:00 UTC,8.87,14.51,16.42,2332.40,-50.13,82.88,42.46,14.51
2019-06-09 00:00:00 UTC,5.86,8.55,9.41,3774.13,-49.71,86.50,39.45,8.55,
2019-06-09 00:00:00 UTC,5.86,8.55,9.41,3774.13,-49.71,86.50,39.45,8.55
2019-06-10 00:00:00 UTC,6.95,9.98,10.86,5213.00,-50.66,91.80,35.21,9.97,
2019-06-10 00:00:00 UTC,6.95,9.98,10.86,5213.00,-50.66,91.80,35.21,9.97
2019-06-11 00:00:00 UTC,5.05,6.93,7.51,6653.00,-49.37,94.18,33.85,6.93,
2019-06-11 00:00:00 UTC,5.05,6.93,7.51,6653.00,-49.37,94.18,33.85,6.93
2019-06-12 00:00:00 UTC,5.04,6.88,7.49,8093.00,-49.67,90.91,37.53,6.88,
2019-06-12 00:00:00 UTC,5.04,6.88,7.49,8093.00,-49.67,90.91,37.53,6.88
2019-06-13 00:00:00 UTC,10.57,16.44,18.29,9533.00,-49.62,84.54,42.43,16.44,
2019-06-13 00:00:00 UTC,10.57,16.44,18.29,9533.00,-49.62,84.54,42.43,16.44
2019-06-14 00:00:00 UTC,7.74,11.88,13.16,10973.00,-48.49,80.45,43.31,11.88,
2019-06-14 00:00:00 UTC,7.74,11.88,13.16,10973.00,-48.49,80.45,43.31,11.88
2019-06-15 00:00:00 UTC,8.19,12.95,14.40,12413.00,-48.36,80.79,44.11,12.95,
2019-06-15 00:00:00 UTC,8.19,12.95,14.40,12413.00,-48.36,80.79,44.11,12.95
2019-06-16 00:00:00 UTC,9.07,15.18,17.23,13853.00,-48.46,81.25,44.38,15.18,
2019-06-16 00:00:00 UTC,9.07,15.18,17.23,13853.00,-48.46,81.25,44.38,15.18
2019-06-17 00:00:00 UTC,4.41,6.65,7.38,15293.00,-48.50,80.35,46.39,6.65,
2019-06-17 00:00:00 UTC,4.41,6.65,7.38,15293.00,-48.50,80.35,46.39,6.65
2019-06-18 00:00:00 UTC,5.98,9.50,10.66,16733.00,-49.15,79.97,45.91,9.50,
2019-06-18 00:00:00 UTC,5.98,9.50,10.66,16733.00,-49.15,79.97,45.91,9.50
2019-06-19 00:00:00 UTC,8.83,14.83,16.88,18171.74,-49.03,83.23,42.93,14.83,
2019-06-19 00:00:00 UTC,8.83,14.83,16.88,18171.74,-49.03,83.23,42.93,14.83
2019-06-20 00:00:00 UTC,6.71,11.06,12.53,19613.00,-49.45,81.79,43.90,11.06,
2019-06-20 00:00:00 UTC,6.71,11.06,12.53,19613.00,-49.45,81.79,43.90,11.06
2019-06-21 00:00:00 UTC,1.23,1.90,2.13,21053.00,-49.79,78.20,48.23,1.90,
2019-06-21 00:00:00 UTC,1.23,1.90,2.13,21053.00,-49.79,78.20,48.23,1.90
2019-06-22 00:00:00 UTC,2.39,3.58,3.94,22493.00,-48.96,78.54,49.58,3.58,
2019-06-22 00:00:00 UTC,2.39,3.58,3.94,22493.00,-48.96,78.54,49.58,3.58
2019-06-23 00:00:00 UTC,4.96,7.36,8.16,23933.49,-48.82,82.30,42.91,7.36,
2019-06-23 00:00:00 UTC,4.96,7.36,8.16,23933.49,-48.82,82.30,42.91,7.36
2019-06-24 00:00:00 UTC,8.16,13.10,14.69,25373.00,-49.23,82.41,45.10,13.10,
2019-06-24 00:00:00 UTC,8.16,13.10,14.69,25373.00,-49.23,82.41,45.10,13.10
2019-06-25 00:00:00 UTC,7.24,11.31,12.64,26813.62,-50.90,80.88,44.72,11.31,
2019-06-25 00:00:00 UTC,7.24,11.31,12.64,26813.62,-50.90,80.88,44.72,11.31
2019-06-26 00:00:00 UTC,4.97,7.46,8.27,28253.01,-50.60,80.72,44.74,7.46,
2019-06-26 00:00:00 UTC,4.97,7.46,8.27,28253.01,-50.60,80.72,44.74,7.46
2019-06-27 00:00:00 UTC,6.76,10.81,12.15,29693.00,-52.54,82.30,43.31,10.81,
2019-06-27 00:00:00 UTC,6.76,10.81,12.15,29693.00,-52.54,82.30,43.31,10.81
2019-06-28 00:00:00 UTC,7.18,11.19,12.49,31133.00,-57.90,84.57,41.34,11.18,
2019-06-28 00:00:00 UTC,7.18,11.19,12.49,31133.00,-57.90,84.57,41.34,11.18
2019-06-29 00:00:00 UTC,5.45,8.11,8.98,32573.00,-57.05,86.51,37.16,8.11,
2019-06-29 00:00:00 UTC,5.45,8.11,8.98,32573.00,-57.05,86.51,37.16,8.11
2019-06-30 00:00:00 UTC,4.51,6.51,7.23,34013.00,-58.14,89.58,32.12,6.51,
2019-06-30 00:00:00 UTC,4.51,6.51,7.23,34013.00,-58.14,89.58,32.12,6.51
2019-07-01 00:00:00 UTC,4.09,5.78,6.38,20340.38,-57.68,88.98,32.21,5.78,
2019-07-01 00:00:00 UTC,4.09,5.78,6.38,20340.38,-57.68,88.98,32.21,5.78
2019-07-02 00:00:00 UTC,4.13,6.09,6.80,1331.54,-57.16,87.35,36.31,6.09,
2019-07-02 00:00:00 UTC,4.13,6.09,6.80,1331.54,-57.16,87.35,36.31,6.09
2019-07-03 00:00:00 UTC,5.45,8.14,9.03,2771.00,-58.30,85.86,39.89,8.14,
2019-07-03 00:00:00 UTC,5.45,8.14,9.03,2771.00,-58.30,85.86,39.89,8.14
2019-07-04 00:00:00 UTC,5.04,7.49,8.33,4210.66,-58.03,84.12,41.38,7.48,
2019-07-04 00:00:00 UTC,5.04,7.49,8.33,4210.66,-58.03,84.12,41.38,7.48
2019-07-05 00:00:00 UTC,45.61,72.20,80.73,5651.00,-56.62,83.76,41.99,49.77,
2019-07-05 00:00:00 UTC,45.61,72.20,80.73,5651.00,-56.62,83.76,41.99,49.77
2019-07-06 00:00:00 UTC,8.63,14.01,15.80,7091.00,-56.30,84.76,42.83,14.01,
2019-07-06 00:00:00 UTC,8.63,14.01,15.80,7091.00,-56.30,84.76,42.83,14.01
2019-07-07 00:00:00 UTC,6.91,10.71,11.98,8531.00,-57.69,82.62,44.63,10.71,
2019-07-07 00:00:00 UTC,6.91,10.71,11.98,8531.00,-57.69,82.62,44.63,10.71
2019-07-08 00:00:00 UTC,5.32,8.30,9.31,1507.68,-57.44,80.71,43.77,8.30,
2019-07-08 00:00:00 UTC,5.32,8.30,9.31,1507.68,-57.44,80.71,43.77,8.30
2019-07-09 00:00:00 UTC,7.03,11.53,13.10,2018.01,-60.06,84.36,40.59,11.52,
2019-07-09 00:00:00 UTC,7.03,11.53,13.10,2018.01,-60.06,84.36,40.59,11.52
2019-07-10 00:00:00 UTC,6.79,10.88,12.34,3458.89,-61.61,86.05,40.25,10.87,
2019-07-10 00:00:00 UTC,6.79,10.88,12.34,3458.89,-61.61,86.05,40.25,10.87
2019-07-11 00:00:00 UTC,6.43,10.02,11.27,4896.89,-60.38,88.16,38.19,10.02,
2019-07-11 00:00:00 UTC,6.43,10.02,11.27,4896.89,-60.38,88.16,38.19,10.02
2019-07-12 00:00:00 UTC,7.05,10.93,12.28,6338.01,-59.68,89.45,38.39,10.93,
2019-07-12 00:00:00 UTC,7.05,10.93,12.28,6338.01,-59.68,89.45,38.39,10.93
2019-07-13 00:00:00 UTC,6.60,9.83,10.90,7777.40,-62.65,89.99,38.92,9.82,
2019-07-13 00:00:00 UTC,6.60,9.83,10.90,7777.40,-62.65,89.99,38.92,9.82
2019-07-14 00:00:00 UTC,9.37,14.51,16.15,9218.15,-61.40,89.28,41.49,14.51,
2019-07-14 00:00:00 UTC,9.37,14.51,16.15,9218.15,-61.40,89.28,41.49,14.51
2019-07-15 00:00:00 UTC,9.36,14.36,16.03,10658.01,-61.05,88.78,40.66,14.36,
2019-07-15 00:00:00 UTC,9.36,14.36,16.03,10658.01,-61.05,88.78,40.66,14.36
2019-07-16 00:00:00 UTC,6.56,9.83,10.94,12098.01,-65.25,91.16,37.21,9.81,
2019-07-16 00:00:00 UTC,6.56,9.83,10.94,12098.01,-65.25,91.16,37.21,9.81
2019-07-17 00:00:00 UTC,5.98,9.34,10.51,13538.02,-66.22,87.21,42.24,9.26,
2019-07-17 00:00:00 UTC,5.98,9.34,10.51,13538.02,-66.22,87.21,42.24,9.26
2019-07-18 00:00:00 UTC,4.97,7.73,8.69,14977.28,-64.26,86.07,42.78,7.69,
2019-07-18 00:00:00 UTC,4.97,7.73,8.69,14977.28,-64.26,86.07,42.78,7.69
2019-07-19 00:00:00 UTC,4.27,6.72,7.59,16418.08,-64.00,85.17,41.52,6.72,
2019-07-19 00:00:00 UTC,4.27,6.72,7.59,16418.08,-64.00,85.17,41.52,6.72
2019-07-20 00:00:00 UTC,4.89,7.76,8.80,17739.05,-63.54,83.05,43.56,7.76,
2019-07-20 00:00:00 UTC,4.89,7.76,8.80,17739.05,-63.54,83.05,43.56,7.76
2019-07-21 00:00:00 UTC,3.13,4.67,5.22,357.56,-57.47,86.09,41.00,4.65,
2019-07-21 00:00:00 UTC,3.13,4.67,5.22,357.56,-57.47,86.09,41.00,4.65
2019-07-22 00:00:00 UTC,5.09,7.71,8.61,757.81,-56.33,87.34,40.91,7.71,
2019-07-22 00:00:00 UTC,5.09,7.71,8.61,757.81,-56.33,87.34,40.91,7.71
2019-07-23 00:00:00 UTC,6.45,9.42,10.45,2187.00,-56.42,94.50,34.93,9.25,
2019-07-23 00:00:00 UTC,6.45,9.42,10.45,2187.00,-56.42,94.50,34.93,9.25
2019-07-24 00:00:00 UTC,4.28,6.06,6.63,592.01,-57.07,96.51,30.52,6.06,
2019-07-24 00:00:00 UTC,4.28,6.06,6.63,592.01,-57.07,96.51,30.52,6.06
2019-07-25 00:00:00 UTC,3.62,5.38,6.01,1904.02,-56.85,94.29,34.94,5.38,
2019-07-25 00:00:00 UTC,3.62,5.38,6.01,1904.02,-56.85,94.29,34.94,5.38
2019-07-26 00:00:00 UTC,4.56,6.66,7.44,711.15,-58.80,95.23,32.02,6.66,
2019-07-26 00:00:00 UTC,4.56,6.66,7.44,711.15,-58.80,95.23,32.02,6.66
2019-07-27 00:00:00 UTC,4.07,5.85,6.47,1371.16,-58.18,94.70,29.07,5.85,
2019-07-27 00:00:00 UTC,4.07,5.85,6.47,1371.16,-58.18,94.70,29.07,5.85
2019-07-28 00:00:00 UTC,4.01,5.87,6.49,268.33,-58.13,95.61,29.96,5.87,
2019-07-28 00:00:00 UTC,4.01,5.87,6.49,268.33,-58.13,95.61,29.96,5.87
2019-07-29 00:00:00 UTC,7.17,11.49,12.83,1340.34,-56.91,89.16,41.84,11.62,
2019-07-29 00:00:00 UTC,7.17,11.49,12.83,1340.34,-56.91,89.16,41.84,11.62
2019-07-30 00:00:00 UTC,7.61,11.94,13.38,2535.94,-56.54,86.83,43.04,11.94,
2019-07-30 00:00:00 UTC,7.61,11.94,13.38,2535.94,-56.54,86.83,43.04,11.94
2019-07-31 00:00:00 UTC,8.70,14.02,15.76,770.02,-56.87,88.97,42.80,14.02,
2019-07-31 00:00:00 UTC,8.70,14.02,15.76,770.02,-56.87,88.97,42.80,14.02
2019-08-01 00:00:00 UTC,5.03,7.50,8.33,2083.46,-56.35,85.92,41.88,7.44,
2019-08-01 00:00:00 UTC,5.03,7.50,8.33,2083.46,-56.35,85.92,41.88,7.44
2019-08-02 00:00:00 UTC,3.51,5.12,5.70,706.06,-57.05,90.14,35.52,5.12,
2019-08-02 00:00:00 UTC,3.51,5.12,5.70,706.06,-57.05,90.14,35.52,5.12
2019-08-03 00:00:00 UTC,3.81,5.39,5.95,2000.04,-57.16,89.15,35.79,5.39,
2019-08-03 00:00:00 UTC,3.81,5.39,5.95,2000.04,-57.16,89.15,35.79,5.39
2019-08-04 00:00:00 UTC,5.49,7.90,8.69,338.49,-57.39,90.54,38.32,7.90,
2019-08-04 00:00:00 UTC,5.49,7.90,8.69,338.49,-57.39,90.54,38.32,7.90
2019-08-05 00:00:00 UTC,5.57,7.99,8.79,1021.16,-54.95,90.95,36.52,7.98,
2019-08-05 00:00:00 UTC,5.57,7.99,8.79,1021.16,-54.95,90.95,36.52,7.98
2019-08-06 00:00:00 UTC,4.33,6.48,7.28,2462.05,-55.96,90.51,36.86,6.48,
2019-08-06 00:00:00 UTC,4.33,6.48,7.28,2462.05,-55.96,90.51,36.86,6.48
2019-08-07 00:00:00 UTC,5.17,7.89,8.82,3902.72,-58.17,88.91,39.71,7.89,
2019-08-07 00:00:00 UTC,5.17,7.89,8.82,3902.72,-58.17,88.91,39.71,7.89
2019-08-08 00:00:00 UTC,7.65,12.35,13.96,5342.03,-56.86,87.25,40.89,12.34,
2019-08-08 00:00:00 UTC,7.65,12.35,13.96,5342.03,-56.86,87.25,40.89,12.34
2019-08-09 00:00:00 UTC,6.32,10.00,11.23,6782.03,-56.83,87.64,38.07,10.00,
2019-08-09 00:00:00 UTC,6.32,10.00,11.23,6782.03,-56.83,87.64,38.07,10.00
2019-08-10 00:00:00 UTC,4.72,7.30,8.21,8222.10,-57.86,87.27,37.64,7.29,
2019-08-10 00:00:00 UTC,4.72,7.30,8.21,8222.10,-57.86,87.27,37.64,7.29
2019-08-11 00:00:00 UTC,1.97,3.08,3.50,9661.60,-56.85,87.23,39.76,3.08,
2019-08-11 00:00:00 UTC,1.97,3.08,3.50,9661.60,-56.85,87.23,39.76,3.08
2019-08-12 00:00:00 UTC,5.23,8.03,9.02,11102.78,-57.41,87.60,41.39,8.03,
2019-08-12 00:00:00 UTC,5.23,8.03,9.02,11102.78,-57.41,87.60,41.39,8.03
2019-08-13 00:00:00 UTC,8.23,13.03,14.70,12542.07,-56.78,88.73,40.45,13.03,
2019-08-13 00:00:00 UTC,8.23,13.03,14.70,12542.07,-56.78,88.73,40.45,13.03
2019-08-14 00:00:00 UTC,8.09,12.50,14.00,13982.11,-56.33,89.97,37.33,12.30,
2019-08-14 00:00:00 UTC,8.09,12.50,14.00,13982.11,-56.33,89.97,37.33,12.30
2019-08-15 00:00:00 UTC,9.19,15.55,17.90,15422.08,-55.92,89.41,36.53,15.43,
2019-08-15 00:00:00 UTC,9.19,15.55,17.90,15422.08,-55.92,89.41,36.53,15.43
2019-08-16 00:00:00 UTC,8.27,13.52,15.32,16862.47,-55.74,88.17,38.21,13.52,
2019-08-16 00:00:00 UTC,8.27,13.52,15.32,16862.47,-55.74,88.17,38.21,13.52
2019-08-17 00:00:00 UTC,5.05,7.54,8.34,18302.02,-57.29,86.07,40.42,7.54,
2019-08-17 00:00:00 UTC,5.05,7.54,8.34,18302.02,-57.29,86.07,40.42,7.54
2019-08-18 00:00:00 UTC,4.41,6.71,7.47,19742.02,-57.85,85.45,41.10,6.71,
2019-08-18 00:00:00 UTC,4.41,6.71,7.47,19742.02,-57.85,85.45,41.10,6.71
2019-08-19 00:00:00 UTC,5.54,8.73,9.83,21181.26,-58.44,86.27,41.80,8.73,
2019-08-19 00:00:00 UTC,5.54,8.73,9.83,21181.26,-58.44,86.27,41.80,8.73
2019-08-20 00:00:00 UTC,4.16,6.13,6.80,22620.06,-58.29,87.80,39.77,6.13,
2019-08-20 00:00:00 UTC,4.16,6.13,6.80,22620.06,-58.29,87.80,39.77,6.13
2019-08-21 00:00:00 UTC,2.94,4.21,4.67,24061.53,-58.18,90.43,33.80,4.21,
2019-08-21 00:00:00 UTC,2.94,4.21,4.67,24061.53,-58.18,90.43,33.80,4.21
2019-08-22 00:00:00 UTC,4.92,7.26,8.09,25502.00,-57.84,90.48,36.37,7.26,
2019-08-22 00:00:00 UTC,4.92,7.26,8.09,25502.00,-57.84,90.48,36.37,7.26
2019-08-23 00:00:00 UTC,5.19,7.80,8.69,26942.01,-58.34,85.35,42.56,7.80,
2019-08-23 00:00:00 UTC,5.19,7.80,8.69,26942.01,-58.34,85.35,42.56,7.80
2019-08-24 00:00:00 UTC,4.40,6.28,6.91,28382.02,-58.73,90.13,38.00,6.28,
2019-08-24 00:00:00 UTC,4.40,6.28,6.91,28382.02,-58.73,90.13,38.00,6.28
2019-08-25 00:00:00 UTC,5.22,7.68,8.50,29822.01,-58.13,92.21,38.44,7.67,
2019-08-25 00:00:00 UTC,5.22,7.68,8.50,29822.01,-58.13,92.21,38.44,7.67
2019-08-26 00:00:00 UTC,2.84,4.05,4.45,31262.03,-56.23,93.78,27.05,4.05,
2019-08-26 00:00:00 UTC,2.84,4.05,4.45,31262.03,-56.23,93.78,27.05,4.05
2019-08-27 00:00:00 UTC,2.69,3.98,4.44,32702.00,-56.17,93.21,34.99,3.98,
2019-08-27 00:00:00 UTC,2.69,3.98,4.44,32702.00,-56.17,93.21,34.99,3.98
2019-08-28 00:00:00 UTC,4.37,6.73,7.52,34142.01,-56.80,90.26,41.46,6.72,
2019-08-28 00:00:00 UTC,4.37,6.73,7.52,34142.01,-56.80,90.26,41.46,6.72
2019-08-29 00:00:00 UTC,5.28,8.08,9.00,35581.75,-56.69,91.12,41.08,8.08,
2019-08-29 00:00:00 UTC,5.28,8.08,9.00,35581.75,-56.69,91.12,41.08,8.08
2019-08-30 00:00:00 UTC,3.21,4.63,5.14,37028.75,-56.93,93.38,34.90,4.63,
2019-08-30 00:00:00 UTC,3.21,4.63,5.14,37028.75,-56.93,93.38,34.90,4.63
2019-08-31 00:00:00 UTC,3.88,5.71,6.38,38462.02,-55.86,92.00,36.73,5.71,
2019-08-31 00:00:00 UTC,3.88,5.71,6.38,38462.02,-55.86,92.00,36.73,5.71
2019-09-01 00:00:00 UTC,5.51,7.96,8.76,39902.01,-55.01,91.96,38.44,7.96,
2019-09-01 00:00:00 UTC,5.51,7.96,8.76,39902.01,-55.01,91.96,38.44,7.96
2019-09-02 00:00:00 UTC,6.18,9.29,10.30,41342.00,-53.64,93.38,39.48,9.27,
2019-09-02 00:00:00 UTC,6.18,9.29,10.30,41342.00,-53.64,93.38,39.48,9.27
2019-09-03 00:00:00 UTC,3.75,5.45,6.01,35202.25,-52.43,96.25,33.30,5.45,
2019-09-03 00:00:00 UTC,3.75,5.45,6.01,35202.25,-52.43,96.25,33.30,5.45
2019-09-04 00:00:00 UTC,3.09,4.32,4.74,560.70,-52.12,96.23,28.85,4.27,
2019-09-04 00:00:00 UTC,3.09,4.32,4.74,560.70,-52.12,96.23,28.85,4.27
2019-09-05 00:00:00 UTC,3.21,4.49,4.96,1917.00,-53.52,96.26,33.41,4.49,
2019-09-05 00:00:00 UTC,3.21,4.49,4.96,1917.00,-53.52,96.26,33.41,4.49
2019-09-06 00:00:00 UTC,2.31,3.36,3.75,3355.94,-54.50,95.41,33.06,3.36,
2019-09-06 00:00:00 UTC,2.31,3.36,3.75,3355.94,-54.50,95.41,33.06,3.36
2019-09-07 00:00:00 UTC,2.22,3.22,3.61,4796.79,-54.56,93.43,31.91,3.22,
2019-09-07 00:00:00 UTC,2.22,3.22,3.61,4796.79,-54.56,93.43,31.91,3.22
2019-09-08 00:00:00 UTC,1.10,1.86,2.18,6238.68,-54.54,87.60,35.83,1.86,
2019-09-08 00:00:00 UTC,1.10,1.86,2.18,6238.68,-54.54,87.60,35.83,1.86
2019-09-09 00:00:00 UTC,1.81,2.73,3.10,7677.00,-54.94,86.60,38.05,2.73,
2019-09-09 00:00:00 UTC,1.81,2.73,3.10,7677.00,-54.94,86.60,38.05,2.73
2019-09-10 00:00:00 UTC,2.40,3.60,4.08,9117.00,-54.29,84.43,43.42,3.60,
2019-09-10 00:00:00 UTC,2.40,3.60,4.08,9117.00,-54.29,84.43,43.42,3.60
2019-09-11 00:00:00 UTC,3.21,4.68,5.21,10557.00,-54.06,85.55,40.20,4.68,
2019-09-11 00:00:00 UTC,3.21,4.68,5.21,10557.00,-54.06,85.55,40.20,4.68
2019-09-12 00:00:00 UTC,4.58,6.50,7.17,11997.00,-53.47,87.59,40.60,6.50,
2019-09-12 00:00:00 UTC,4.58,6.50,7.17,11997.00,-53.47,87.59,40.60,6.50
2019-09-13 00:00:00 UTC,2.94,4.20,4.64,13435.78,-54.94,91.59,35.19,4.20,
2019-09-13 00:00:00 UTC,2.94,4.20,4.64,13435.78,-54.94,91.59,35.19,4.20
2019-09-14 00:00:00 UTC,4.23,5.63,6.10,14877.00,-54.73,94.09,31.55,5.63,
2019-09-14 00:00:00 UTC,4.23,5.63,6.10,14877.00,-54.73,94.09,31.55,5.63
2019-09-15 00:00:00 UTC,5.32,7.09,7.65,16317.00,-53.55,91.65,31.97,7.09,
2019-09-15 00:00:00 UTC,5.32,7.09,7.65,16317.00,-53.55,91.65,31.97,7.09
2019-09-16 00:00:00 UTC,6.51,9.80,10.88,17757.00,-53.01,88.22,40.68,9.80,
2019-09-16 00:00:00 UTC,6.51,9.80,10.88,17757.00,-53.01,88.22,40.68,9.80
2019-09-17 00:00:00 UTC,4.57,6.90,7.74,19197.00,-53.45,86.24,39.82,6.90,
2019-09-17 00:00:00 UTC,4.57,6.90,7.74,19197.00,-53.45,86.24,39.82,6.90
2019-09-18 00:00:00 UTC,2.57,3.84,4.32,20637.89,-53.62,86.01,40.13,3.84,
2019-09-18 00:00:00 UTC,2.57,3.84,4.32,20637.89,-53.62,86.01,40.13,3.84
2019-09-19 00:00:00 UTC,2.00,2.95,3.32,22077.00,-53.85,85.12,39.33,2.95,
2019-09-19 00:00:00 UTC,2.00,2.95,3.32,22077.00,-53.85,85.12,39.33,2.95
2019-09-20 00:00:00 UTC,1.66,2.52,2.83,23516.07,-53.52,84.78,41.02,2.52,
2019-09-20 00:00:00 UTC,1.66,2.52,2.83,23516.07,-53.52,84.78,41.02,2.52
2019-09-21 00:00:00 UTC,2.93,4.12,4.55,24957.00,-52.89,86.28,38.35,4.12,
2019-09-21 00:00:00 UTC,2.93,4.12,4.55,24957.00,-52.89,86.28,38.35,4.12
2019-09-22 00:00:00 UTC,3.45,4.60,5.00,26397.00,-52.58,88.81,33.25,4.60,
2019-09-22 00:00:00 UTC,3.45,4.60,5.00,26397.00,-52.58,88.81,33.25,4.60
2019-09-23 00:00:00 UTC,3.24,4.48,4.96,27837.55,-55.29,88.36,37.86,4.48,
2019-09-23 00:00:00 UTC,3.24,4.48,4.96,27837.55,-55.29,88.36,37.86,4.48
2019-09-24 00:00:00 UTC,5.04,7.08,7.76,29278.17,-54.25,87.31,40.46,7.08,
2019-09-24 00:00:00 UTC,5.04,7.08,7.76,29278.17,-54.25,87.31,40.46,7.08
2019-09-25 00:00:00 UTC,4.50,6.35,6.99,30717.00,-54.89,88.58,38.38,6.35,
2019-09-25 00:00:00 UTC,4.50,6.35,6.99,30717.00,-54.89,88.58,38.38,6.35
2019-09-26 00:00:00 UTC,2.94,4.29,4.76,32157.00,-53.94,84.20,46.54,4.29,
2019-09-26 00:00:00 UTC,2.94,4.29,4.76,32157.00,-53.94,84.20,46.54,4.29
2019-09-27 00:00:00 UTC,1.82,2.83,3.23,33596.81,-54.08,81.24,49.77,2.80,
2019-09-27 00:00:00 UTC,1.82,2.83,3.23,33596.81,-54.08,81.24,49.77,2.80
2019-09-28 00:00:00 UTC,0.79,1.31,1.52,35037.00,-52.53,80.00,47.85,1.31,
2019-09-28 00:00:00 UTC,0.79,1.31,1.52,35037.00,-52.53,80.00,47.85,1.31
2019-09-29 00:00:00 UTC,0.80,1.42,1.69,36476.66,-53.02,78.89,43.44,1.42,
2019-09-29 00:00:00 UTC,0.80,1.42,1.69,36476.66,-53.02,78.89,43.44,1.42
2019-09-30 00:00:00 UTC,0.97,1.62,1.92,37917.00,-54.76,77.15,36.29,1.62,
2019-09-30 00:00:00 UTC,0.97,1.62,1.92,37917.00,-54.76,77.15,36.29,1.62
2019-10-01 00:00:00 UTC,0.91,1.47,1.72,39357.00,-51.10,77.45,34.59,1.47,
2019-10-01 00:00:00 UTC,0.91,1.47,1.72,39357.00,-51.10,77.45,34.59,1.47
2019-10-02 00:00:00 UTC,1.65,2.38,2.69,39201.73,-56.10,80.01,35.28,2.38,
2019-10-02 00:00:00 UTC,1.65,2.38,2.69,39201.73,-56.10,80.01,35.28,2.38
2019-10-03 00:00:00 UTC,2.79,3.78,4.15,759.69,-58.52,80.54,34.09,3.78,
2019-10-03 00:00:00 UTC,2.79,3.78,4.15,759.69,-58.52,80.54,34.09,3.78
2019-10-04 00:00:00 UTC,3.40,4.58,4.99,697.59,-55.53,80.25,34.23,4.58,
2019-10-04 00:00:00 UTC,3.40,4.58,4.99,697.59,-55.53,80.25,34.23,4.58
2019-10-05 00:00:00 UTC,4.84,6.44,6.99,2112.75,-55.22,82.17,33.39,6.44,
2019-10-05 00:00:00 UTC,4.84,6.44,6.99,2112.75,-55.22,82.17,33.39,6.44
2019-10-06 00:00:00 UTC,5.27,6.95,7.47,2742.81,-55.82,83.52,30.84,6.95,
2019-10-06 00:00:00 UTC,5.27,6.95,7.47,2742.81,-55.82,83.52,30.84,6.95
2019-10-07 00:00:00 UTC,6.53,8.58,9.19,629.17,-55.98,83.80,31.86,8.58,
2019-10-07 00:00:00 UTC,6.53,8.58,9.19,629.17,-55.98,83.80,31.86,8.58
2019-10-08 00:00:00 UTC,4.42,6.07,6.62,880.34,-57.05,84.18,32.50,6.06,
2019-10-08 00:00:00 UTC,4.42,6.07,6.62,880.34,-57.05,84.18,32.50,6.06
2019-10-09 00:00:00 UTC,7.50,11.34,12.58,2317.00,-55.62,81.94,41.60,11.34,
2019-10-09 00:00:00 UTC,7.50,11.34,12.58,2317.00,-55.62,81.94,41.60,11.34
2019-10-10 00:00:00 UTC,4.57,6.60,7.27,3756.00,-58.45,81.59,38.25,6.60,
2019-10-10 00:00:00 UTC,4.57,6.60,7.27,3756.00,-58.45,81.59,38.25,6.60
2019-10-11 00:00:00 UTC,1.49,2.22,2.53,5195.00,-61.12,82.32,19.02,2.22,
2019-10-11 00:00:00 UTC,1.49,2.22,2.53,5195.00,-61.12,82.32,19.02,2.22
2019-10-12 00:00:00 UTC,1.71,2.47,2.75,6635.72,-61.23,86.03,13.09,2.44,
2019-10-12 00:00:00 UTC,1.71,2.47,2.75,6635.72,-61.23,86.03,13.09,2.44
2019-10-13 00:00:00 UTC,16.33,22.25,23.88,8075.00,-57.48,79.17,30.98,22.09,
2019-10-13 00:00:00 UTC,16.33,22.25,23.88,8075.00,-57.48,79.17,30.98,22.09
2019-10-14 00:00:00 UTC,5.12,7.16,7.84,9515.00,-58.71,79.61,40.69,7.16,
2019-10-14 00:00:00 UTC,5.12,7.16,7.84,9515.00,-58.71,79.61,40.69,7.16
2019-10-15 00:00:00 UTC,9.01,13.10,14.36,891.82,-53.24,80.64,43.08,13.04,
2019-10-15 00:00:00 UTC,9.01,13.10,14.36,891.82,-53.24,80.64,43.08,13.04
2019-10-16 00:00:00 UTC,5.48,7.51,8.21,2130.50,-53.94,84.21,35.93,7.51,
2019-10-16 00:00:00 UTC,5.48,7.51,8.21,2130.50,-53.94,84.21,35.93,7.51
2019-10-17 00:00:00 UTC,7.01,10.32,11.40,3571.00,-57.62,82.92,39.72,10.32,
2019-10-17 00:00:00 UTC,7.01,10.32,11.40,3571.00,-57.62,82.92,39.72,10.32
2019-10-18 00:00:00 UTC,5.55,8.36,9.30,4984.15,-57.67,79.69,46.31,8.36,
2019-10-18 00:00:00 UTC,5.55,8.36,9.30,4984.15,-57.67,79.69,46.31,8.36
2019-10-19 00:00:00 UTC,3.00,4.22,4.68,651.00,-54.86,78.72,34.54,4.21,
2019-10-19 00:00:00 UTC,3.00,4.22,4.68,651.00,-54.86,78.72,34.54,4.21
2019-10-20 00:00:00 UTC,4.51,6.28,6.93,2009.84,-56.72,80.79,35.54,6.28,
2019-10-20 00:00:00 UTC,4.51,6.28,6.93,2009.84,-56.72,80.79,35.54,6.28
2019-10-21 00:00:00 UTC,2.20,2.95,3.23,3449.00,-57.12,86.79,25.26,2.95,
2019-10-21 00:00:00 UTC,2.20,2.95,3.23,3449.00,-57.12,86.79,25.26,2.95
2019-10-22 00:00:00 UTC,2.75,3.68,4.01,4889.00,-57.73,90.32,22.44,3.67,
2019-10-22 00:00:00 UTC,2.75,3.68,4.01,4889.00,-57.73,90.32,22.44,3.67
2019-10-23 00:00:00 UTC,3.32,4.52,4.97,6329.00,-58.22,88.76,23.25,4.36,
2019-10-23 00:00:00 UTC,3.32,4.52,4.97,6329.00,-58.22,88.76,23.25,4.36
2019-10-24 00:00:00 UTC,5.07,6.51,7.00,7769.00,-56.28,88.40,27.12,6.51,
2019-10-24 00:00:00 UTC,5.07,6.51,7.00,7769.00,-56.28,88.40,27.12,6.51
2019-10-25 00:00:00 UTC,1.57,2.20,2.47,9209.00,-56.92,87.75,14.62,2.19,
2019-10-25 00:00:00 UTC,1.57,2.20,2.47,9209.00,-56.92,87.75,14.62,2.19
2019-10-26 00:00:00 UTC,2.32,3.20,3.52,10649.00,-56.95,82.64,18.72,3.20,
2019-10-26 00:00:00 UTC,2.32,3.20,3.52,10649.00,-56.95,82.64,18.72,3.20
2019-10-27 00:00:00 UTC,5.32,7.20,7.76,12089.00,-56.63,78.16,33.40,7.20,
2019-10-27 00:00:00 UTC,5.32,7.20,7.76,12089.00,-56.63,78.16,33.40,7.20
2019-10-28 00:00:00 UTC,4.54,6.45,7.16,13529.00,-55.71,74.08,37.07,6.45,
2019-10-28 00:00:00 UTC,4.54,6.45,7.16,13529.00,-55.71,74.08,37.07,6.45
2019-10-29 00:00:00 UTC,7.15,9.33,9.98,14969.00,-56.92,73.46,26.65,9.33,
2019-10-29 00:00:00 UTC,7.15,9.33,9.98,14969.00,-56.92,73.46,26.65,9.33
2019-10-30 00:00:00 UTC,3.41,4.80,5.32,16411.46,-59.65,73.23,31.39,4.80,
2019-10-30 00:00:00 UTC,3.41,4.80,5.32,16411.46,-59.65,73.23,31.39,4.80
2019-10-31 00:00:00 UTC,12.51,16.52,17.50,17849.00,-56.01,72.74,8.60,14.10,
2019-10-31 00:00:00 UTC,12.51,16.52,17.50,17849.00,-56.01,72.74,8.60,14.10
2019-11-01 00:00:00 UTC,2.58,3.50,3.84,19289.00,-56.21,74.74,12.02,3.50,
2019-11-01 00:00:00 UTC,2.58,3.50,3.84,19289.00,-56.21,74.74,12.02,3.50
2019-11-02 00:00:00 UTC,4.07,5.58,6.10,20729.00,-58.30,74.83,18.51,5.51,
2019-11-02 00:00:00 UTC,4.07,5.58,6.10,20729.00,-58.30,74.83,18.51,5.51
2019-11-03 00:00:00 UTC,11.73,16.62,18.05,22169.00,-55.51,74.98,23.72,16.60,
2019-11-03 00:00:00 UTC,11.73,16.62,18.05,22169.00,-55.51,74.98,23.72,16.60,
2019-11-04 00:00:00 UTC,13.42,19.87,21.87,23609.00,-54.83,76.02,24.76,19.85,
2019-11-05 00:00:00 UTC,13.19,19.77,21.78,25049.00,-55.87,76.51,29.97,19.51,
2019-11-06 00:00:00 UTC,14.11,21.63,23.89,26489.00,-55.42,75.45,39.99,20.61,
2019-11-07 00:00:00 UTC,20.36,36.63,42.54,27929.00,-55.67,76.17,46.72,32.41,
2019-11-08 00:00:00 UTC,14.37,24.43,28.02,29369.00,-56.72,78.98,37.15,22.13,
2019-11-09 00:00:00 UTC,5.46,7.55,8.23,30808.49,-59.59,80.88,24.27,7.46,
2019-11-10 00:00:00 UTC,10.30,14.48,15.73,32249.00,-57.28,77.37,29.31,14.48,
2019-11-11 00:00:00 UTC,14.11,23.96,27.28,33689.00,-57.20,76.22,42.97,23.40,
2019-11-12 00:00:00 UTC,19.69,33.84,38.83,35129.00,-57.66,74.96,45.18,31.40,
2019-11-13 00:00:00 UTC,18.99,33.77,39.32,36569.00,-57.57,75.73,48.40,31.35,
2019-11-14 00:00:00 UTC,17.78,30.87,35.70,38009.00,-57.35,73.17,48.23,28.78,
2019-11-15 00:00:00 UTC,11.15,18.76,21.52,39449.00,-57.42,71.80,50.05,18.43,
2019-11-16 00:00:00 UTC,12.24,18.68,20.77,40889.00,-57.41,74.28,43.28,18.51,
2019-11-17 00:00:00 UTC,9.02,12.45,13.50,42329.00,-57.65,78.01,32.72,12.00,
2019-11-18 00:00:00 UTC,1.99,2.78,3.08,43769.00,-58.32,81.30,18.41,2.78,
2019-11-19 00:00:00 UTC,4.59,6.33,6.95,45209.00,-57.27,77.82,25.20,6.33,
2019-11-20 00:00:00 UTC,2.08,3.18,3.66,46649.00,-56.22,69.50,49.11,3.18,
2019-11-21 00:00:00 UTC,0.82,1.32,1.55,48089.00,-56.82,67.42,47.11,1.32,
2019-11-22 00:00:00 UTC,2.85,4.10,4.59,49529.00,-56.96,71.40,43.17,4.10,
2019-11-23 00:00:00 UTC,3.60,4.88,5.33,50969.00,-59.74,72.28,36.68,4.88,
2019-11-24 00:00:00 UTC,6.07,8.20,8.81,52409.00,-59.50,72.08,31.09,7.80,
2019-11-25 00:00:00 UTC,8.34,11.03,11.80,53849.00,-60.21,69.41,35.47,11.01,
2019-11-26 00:00:00 UTC,4.40,6.04,6.62,55289.00,-58.48,68.23,38.88,6.04,
2019-11-27 00:00:00 UTC,2.37,3.31,3.68,56729.00,-57.89,64.55,40.88,3.31,
2019-11-28 00:00:00 UTC,1.69,2.39,2.65,58169.00,-57.79,57.57,60.27,2.39,
2019-11-29 00:00:00 UTC,2.30,3.07,3.31,50887.50,-57.72,56.21,53.40,2.98,
2019-11-30 00:00:00 UTC,5.91,7.95,8.55,917.67,-57.82,59.87,46.04,7.20,
2019-12-01 00:00:00 UTC,3.29,4.44,4.81,2356.85,-59.02,63.41,44.03,3.12,
2019-12-02 00:00:00 UTC,8.26,11.30,12.28,3797.00,-57.46,66.18,41.90,11.30,
2019-12-03 00:00:00 UTC,11.36,15.75,17.11,5237.00,-59.03,66.89,46.52,15.75,
2019-12-04 00:00:00 UTC,9.67,13.19,14.27,6677.00,-57.99,67.04,58.32,13.19,
2019-12-05 00:00:00 UTC,5.74,8.46,9.35,8117.00,-58.45,68.11,57.42,8.46,
2019-12-06 00:00:00 UTC,3.92,5.22,5.61,9557.00,-57.97,68.98,48.47,5.18,
2019-12-07 00:00:00 UTC,4.09,5.51,5.94,10997.00,-58.14,69.78,61.05,5.51,
2019-12-08 00:00:00 UTC,7.14,10.96,12.12,12437.00,-58.54,70.49,60.82,10.94,
2019-12-09 00:00:00 UTC,3.37,5.62,6.48,13877.00,-54.45,67.44,54.24,5.62,
2019-12-10 00:00:00 UTC,5.68,7.76,8.46,15317.00,-54.56,66.39,47.80,7.76,
2019-12-11 00:00:00 UTC,7.15,9.91,10.83,16757.00,-54.44,65.82,44.98,9.91,
2019-12-12 00:00:00 UTC,12.03,17.25,19.06,18197.00,-54.65,68.52,44.98,17.25,
2019-12-13 00:00:00 UTC,17.53,25.08,27.42,19637.00,-55.16,70.18,47.23,24.10,
2019-12-14 00:00:00 UTC,23.97,40.92,46.91,21077.00,-54.68,69.45,56.63,35.30,
2019-12-15 00:00:00 UTC,5.24,7.54,8.35,22518.00,-54.67,67.30,47.54,7.54,
2019-12-16 00:00:00 UTC,3.37,4.59,5.03,23957.00,-55.12,64.83,31.34,4.59,
2019-12-17 00:00:00 UTC,3.59,4.80,5.23,24818.00,-55.72,67.11,24.87,4.80,
2019-12-18 00:00:00 UTC,1.74,2.39,2.66,718.00,-55.96,61.64,21.94,2.39,
2019-12-19 00:00:00 UTC,6.19,8.19,8.80,2137.00,-55.79,61.92,29.50,8.19,
2019-12-20 00:00:00 UTC,5.82,7.95,8.62,3577.00,-56.39,65.54,31.64,7.94,
2019-12-21 00:00:00 UTC,2.75,3.70,4.01,5017.00,-56.25,69.35,24.57,3.50,
2019-12-22 00:00:00 UTC,5.07,6.66,7.15,6457.00,-56.12,68.29,25.84,6.66,
2019-12-23 00:00:00 UTC,2.20,3.23,3.57,7897.00,-56.14,63.31,49.53,3.14,
2019-12-24 00:00:00 UTC,6.15,8.54,9.26,9337.00,-55.18,61.82,53.66,8.48,
2019-12-25 00:00:00 UTC,5.79,7.65,8.18,10777.00,-57.13,61.73,49.84,7.45,
2019-12-26 00:00:00 UTC,1.19,1.59,1.73,12217.00,-55.78,57.25,57.20,1.59,
2019-12-27 00:00:00 UTC,7.00,9.23,9.84,13657.00,-56.44,59.39,49.23,9.23,
2019-12-28 00:00:00 UTC,8.01,10.68,11.43,15097.00,-55.95,60.74,45.45,10.68,
2019-12-29 00:00:00 UTC,9.40,12.52,13.38,16537.00,-55.61,61.06,46.40,12.51,
2019-12-30 00:00:00 UTC,8.91,11.85,12.68,17977.00,-56.93,63.38,41.62,11.85,
2019-12-31 00:00:00 UTC,10.11,14.07,15.13,19417.00,-57.49,67.76,34.71,13.42